city,locality,property_type,bedrooms,area_sqft,price_per_sqft,transaction_date,price_total,source
Mumbai,Goregaon,Apartment,3,824.0,15431.0,2024-12-02,127.15,maharera
Mumbai,Powai,Apartment,2,1067.0,25219.0,2025-02-24,269.09,maharera
Mumbai,Juhu,Apartment,4,1214.0,32962.0,2024-07-26,400.16,maharera
Mumbai,Goregaon,Apartment,1,385.0,34675.0,2025-03-30,133.5,maharera
Mumbai,Worli,Apartment,3,1348.0,29196.0,2024-09-02,393.56,maharera
Mumbai,Juhu,Apartment,2,899.0,29541.0,2025-01-27,265.57,maharera
Mumbai,Juhu,Villa,1,1128.0,33284.0,2025-01-27,375.44,maharera
Mumbai,Goregaon,Apartment,3,1359.0,28151.0,2025-01-15,382.57,maharera
Mumbai,Bandra,Apartment,2,588.0,41145.0,2025-03-07,241.93,maharera
Mumbai,Worli,Apartment,3,787.0,36715.0,2025-01-23,288.95,maharera
Mumbai,Goregaon,Apartment,3,913.0,36983.0,2024-07-18,337.65,maharera
Mumbai,Worli,Apartment,1,765.0,22271.0,2025-01-07,170.37,maharera
Mumbai,Worli,Apartment,2,1520.0,29365.0,2024-09-10,446.35,maharera
Mumbai,Juhu,Apartment,3,743.0,27596.0,2024-09-05,205.04,maharera
Mumbai,Powai,Plot,2,833.0,21955.0,2024-05-19,182.89,maharera
Mumbai,Worli,Plot,3,1061.0,32881.0,2024-07-14,348.87,maharera
Mumbai,Malad,Apartment,3,639.0,25699.0,2024-06-17,164.22,maharera
Mumbai,Juhu,Apartment,4,881.0,35243.0,2024-09-11,310.49,maharera
Mumbai,Bandra,Apartment,3,1095.0,21438.0,2024-05-08,234.75,maharera
Mumbai,Powai,Apartment,3,900.0,43752.0,2025-01-19,393.77,maharera
Mumbai,Malad,Apartment,3,972.0,22829.0,2024-06-22,221.9,maharera
Mumbai,Malad,Apartment,2,841.0,31754.0,2025-02-18,267.05,maharera
Mumbai,Bandra,Villa,2,546.0,36335.0,2024-12-17,198.39,maharera
Mumbai,Powai,Apartment,3,1096.0,25435.0,2024-09-18,278.77,maharera
Mumbai,Juhu,Apartment,3,1526.0,36820.0,2024-09-08,561.87,maharera
Mumbai,Andheri,Apartment,3,1006.0,20167.0,2024-11-03,202.88,maharera
Mumbai,Powai,Apartment,4,1068.0,41617.0,2025-03-27,444.47,maharera
Mumbai,Bandra,Apartment,4,1208.0,30113.0,2024-04-18,363.77,maharera
Mumbai,Malad,Apartment,4,619.0,25229.0,2024-10-31,156.17,maharera
Mumbai,Juhu,Apartment,3,1511.0,27607.0,2024-07-19,417.14,maharera
Mumbai,Powai,Villa,2,1061.0,36471.0,2025-01-19,386.96,maharera
Mumbai,Andheri,Apartment,3,1490.0,25324.0,2024-07-23,377.33,maharera
Mumbai,Andheri,Apartment,2,780.0,24005.0,2024-11-26,187.24,maharera
Mumbai,Worli,Apartment,3,1545.0,28228.0,2025-01-29,436.12,maharera
Mumbai,Worli,Apartment,3,1233.0,20584.0,2024-08-21,253.8,maharera
Mumbai,Goregaon,Apartment,3,1166.0,44564.0,2024-10-25,519.62,maharera
Mumbai,Bandra,Villa,2,1070.0,25469.0,2025-03-22,272.52,maharera
Mumbai,Powai,Plot,2,925.0,36653.0,2024-08-17,339.04,maharera
Mumbai,Powai,Villa,3,1360.0,31676.0,2024-09-23,430.79,maharera
Mumbai,Goregaon,Apartment,2,1042.0,22124.0,2024-04-22,230.53,maharera
Mumbai,Malad,Apartment,4,410.0,29952.0,2025-03-07,122.8,maharera
Mumbai,Malad,Apartment,2,665.0,36272.0,2024-04-12,241.21,maharera
Mumbai,Goregaon,Apartment,2,944.0,28494.0,2024-05-03,268.98,maharera
Mumbai,Malad,Plot,1,1093.0,39545.0,2024-05-10,432.23,maharera
Mumbai,Worli,Apartment,3,983.0,38172.0,2024-05-25,375.23,maharera
Mumbai,Powai,Apartment,3,1366.0,37351.0,2024-06-14,510.21,maharera
Mumbai,Goregaon,Apartment,2,415.0,26323.0,2024-05-11,109.24,maharera
Mumbai,Powai,Apartment,1,1043.0,21361.0,2024-08-29,222.8,maharera
Mumbai,Andheri,Apartment,3,455.0,25091.0,2024-11-10,114.16,maharera
Mumbai,Worli,Apartment,2,1228.0,31570.0,2024-07-21,387.68,maharera
Mumbai,Juhu,Apartment,3,972.0,34366.0,2024-06-18,334.04,maharera
Mumbai,Worli,Plot,3,1126.0,12627.0,2024-06-11,142.18,maharera
Mumbai,Goregaon,Villa,2,741.0,29935.0,2024-11-14,221.82,maharera
Mumbai,Juhu,Apartment,2,1384.0,31265.0,2024-08-14,432.71,maharera
Mumbai,Andheri,Apartment,5,1313.0,27780.0,2024-12-12,364.75,maharera
Mumbai,Goregaon,Apartment,3,1175.0,40330.0,2025-01-06,473.88,maharera
Mumbai,Bandra,Apartment,3,961.0,33374.0,2024-09-10,320.72,maharera
Mumbai,Powai,Apartment,2,1174.0,40482.0,2024-10-24,475.26,maharera
Mumbai,Andheri,Apartment,3,788.0,28272.0,2025-01-12,222.78,maharera
Mumbai,Powai,Apartment,1,1257.0,37500.0,2025-01-19,471.38,maharera
Mumbai,Malad,Apartment,3,1495.0,43081.0,2024-10-27,644.06,maharera
Mumbai,Bandra,Apartment,5,1321.0,40494.0,2025-04-01,534.93,maharera
Mumbai,Bandra,Apartment,2,781.0,21263.0,2025-01-18,166.06,maharera
Mumbai,Andheri,Plot,1,1108.0,27971.0,2025-01-05,309.92,maharera
Mumbai,Bandra,Villa,1,612.0,27239.0,2025-01-09,166.7,maharera
Mumbai,Juhu,Apartment,2,1172.0,33914.0,2024-07-10,397.47,maharera
Mumbai,Bandra,Plot,2,1135.0,35491.0,2024-12-23,402.82,maharera
Mumbai,Powai,Apartment,1,439.0,23289.0,2024-05-02,102.24,maharera
Mumbai,Powai,Plot,3,651.0,30543.0,2024-10-13,198.83,maharera
Mumbai,Goregaon,Villa,3,915.0,13841.0,2025-02-11,126.65,maharera
Mumbai,Powai,Apartment,2,910.0,41536.0,2024-09-07,377.98,maharera
Mumbai,Goregaon,Apartment,4,637.0,25901.0,2025-01-01,164.99,maharera
Mumbai,Powai,Apartment,2,1117.0,30447.0,2024-08-26,340.09,maharera
Mumbai,Juhu,Apartment,5,1075.0,27523.0,2025-03-28,295.87,maharera
Mumbai,Goregaon,Apartment,2,942.0,39168.0,2025-02-12,368.96,maharera
Mumbai,Worli,Apartment,4,773.0,7300.0,2025-01-19,56.43,maharera
Mumbai,Malad,Apartment,3,1315.0,29867.0,2024-09-12,392.75,maharera
Mumbai,Andheri,Villa,4,1497.0,29153.0,2024-05-25,436.42,maharera
Mumbai,Powai,Row House,5,855.0,26371.0,2024-06-08,225.47,maharera
Mumbai,Bandra,Apartment,2,816.0,43810.0,2024-05-31,357.49,maharera
Mumbai,Powai,Apartment,5,1147.0,22901.0,2024-05-11,262.67,maharera
Mumbai,Bandra,Apartment,2,893.0,36174.0,2024-12-15,323.03,maharera
Mumbai,Malad,Apartment,2,958.0,32850.0,2024-04-20,314.7,maharera
Mumbai,Malad,Plot,2,1222.0,40092.0,2024-10-23,489.92,maharera
Mumbai,Malad,Apartment,3,427.0,24662.0,2024-07-01,105.31,maharera
Mumbai,Bandra,Apartment,2,1395.0,24136.0,2025-03-10,336.7,maharera
Mumbai,Powai,Apartment,3,1022.0,38769.0,2025-01-26,396.22,maharera
Mumbai,Malad,Apartment,3,877.0,33403.0,2024-08-31,292.94,maharera
Mumbai,Juhu,Apartment,3,973.0,17641.0,2024-09-29,171.65,maharera
Mumbai,Goregaon,Villa,4,989.0,25686.0,2024-05-08,254.03,maharera
Mumbai,Bandra,Apartment,3,481.0,33091.0,2024-06-04,159.17,maharera
Mumbai,Bandra,Apartment,2,1448.0,36702.0,2024-12-03,531.44,maharera
Mumbai,Powai,Apartment,2,1012.0,24566.0,2025-03-18,248.61,maharera
Mumbai,Bandra,Plot,2,1133.0,6686.0,2024-07-23,75.75,maharera
Mumbai,Bandra,Plot,1,1285.0,34186.0,2024-06-14,439.29,maharera
Mumbai,Malad,Apartment,2,694.0,20237.0,2025-03-15,140.44,maharera
Mumbai,Powai,Apartment,2,1142.0,13861.0,2025-02-25,158.29,maharera
Mumbai,Malad,Apartment,5,920.0,7341.0,2025-02-27,67.54,maharera
Mumbai,Goregaon,Apartment,3,1254.0,36512.0,2025-02-17,457.86,maharera
Mumbai,Goregaon,Plot,2,362.0,31029.0,2024-10-05,112.32,maharera
Mumbai,Malad,Apartment,3,970.0,28195.0,2025-01-21,273.49,maharera
Mumbai,Goregaon,Apartment,2,819.0,41112.0,2024-09-09,336.71,maharera
Mumbai,Powai,Apartment,3,1130.0,35099.0,2024-10-05,396.62,maharera
Mumbai,Andheri,Apartment,3,1141.0,42930.0,2024-12-20,489.83,maharera
Mumbai,Malad,Apartment,3,788.0,18858.0,2024-09-30,148.6,maharera
Mumbai,Juhu,Villa,3,786.0,29724.0,2024-07-16,233.63,maharera
Mumbai,Juhu,Apartment,5,967.0,17066.0,2025-01-10,165.03,maharera
Mumbai,Bandra,Apartment,4,731.0,28165.0,2024-05-17,205.89,maharera
Mumbai,Goregaon,Apartment,3,1253.0,28011.0,2024-05-10,350.98,maharera
Mumbai,Juhu,Apartment,3,889.0,35013.0,2024-11-20,311.27,maharera
Mumbai,Bandra,Apartment,3,128.0,30365.0,2024-04-25,38.87,maharera
Mumbai,Andheri,Apartment,2,888.0,34987.0,2024-05-05,310.68,maharera
Mumbai,Powai,Villa,2,688.0,35628.0,2025-01-01,245.12,maharera
Mumbai,Powai,Apartment,1,511.0,47239.0,2024-05-15,241.39,maharera
Mumbai,Powai,Apartment,3,629.0,27478.0,2024-08-04,172.84,maharera
Mumbai,Juhu,Apartment,3,1033.0,22472.0,2025-01-06,232.14,maharera
Mumbai,Andheri,Apartment,2,1399.0,31969.0,2025-02-06,447.25,maharera
Mumbai,Juhu,Plot,5,1094.0,23582.0,2025-03-09,257.99,maharera
Mumbai,Goregaon,Villa,4,818.0,41856.0,2025-01-24,342.38,maharera
Mumbai,Juhu,Apartment,3,1137.0,27734.0,2024-07-10,315.34,maharera
Mumbai,Andheri,Apartment,3,862.0,25475.0,2025-03-13,219.59,maharera
Mumbai,Andheri,Apartment,4,792.0,26229.0,2024-12-15,207.73,maharera
Mumbai,Goregaon,Apartment,2,654.0,35747.0,2024-06-10,233.79,maharera
Mumbai,Andheri,Apartment,3,474.0,28738.0,2025-02-09,136.22,maharera
Mumbai,Andheri,Apartment,2,883.0,24867.0,2024-08-26,219.58,maharera
Mumbai,Powai,Apartment,3,1047.0,43323.0,2024-12-07,453.59,maharera
Mumbai,Goregaon,Apartment,2,971.0,23151.0,2024-10-09,224.8,maharera
Mumbai,Worli,Villa,4,875.0,30285.0,2024-06-22,264.99,maharera
Mumbai,Worli,Apartment,4,716.0,35218.0,2024-06-29,252.16,maharera
Mumbai,Andheri,Apartment,2,1182.0,16949.0,2024-09-29,200.34,maharera
Mumbai,Worli,Villa,3,605.0,33842.0,2025-01-30,204.74,maharera
Mumbai,Worli,Apartment,5,1233.0,21559.0,2024-06-12,265.82,maharera
Mumbai,Andheri,Apartment,3,699.0,36582.0,2024-07-31,255.71,maharera
Mumbai,Worli,Apartment,4,774.0,22299.0,2025-01-20,172.59,maharera
Mumbai,Juhu,Apartment,3,560.0,35542.0,2024-11-20,199.04,maharera
Mumbai,Bandra,Villa,2,850.0,38847.0,2024-10-24,330.2,maharera
Mumbai,Goregaon,Villa,2,1293.0,36891.0,2024-08-16,477.0,maharera
Mumbai,Bandra,Apartment,2,1155.0,32011.0,2024-07-25,369.73,maharera
Mumbai,Andheri,Apartment,3,1294.0,28150.0,2024-06-16,364.26,maharera
Mumbai,Powai,Apartment,2,1157.0,25389.0,2024-10-18,293.75,maharera
Mumbai,Goregaon,Apartment,3,669.0,41768.0,2024-05-24,279.43,maharera
Mumbai,Andheri,Apartment,3,901.0,24404.0,2024-10-14,219.88,maharera
Mumbai,Powai,Plot,3,766.0,21703.0,2024-04-26,166.24,maharera
Mumbai,Bandra,Apartment,4,1399.0,35323.0,2025-03-19,494.17,maharera
Mumbai,Andheri,Row House,5,641.0,23631.0,2025-01-26,151.47,maharera
Mumbai,Goregaon,Apartment,3,1268.0,22399.0,2024-05-03,284.02,maharera
Mumbai,Goregaon,Apartment,4,1268.0,18451.0,2024-12-11,233.96,maharera
Mumbai,Malad,Apartment,3,1549.0,26137.0,2025-01-16,404.86,maharera
Mumbai,Juhu,Plot,3,877.0,29338.0,2025-03-22,257.29,maharera
Mumbai,Worli,Villa,5,1214.0,31945.0,2024-10-12,387.81,maharera
Mumbai,Powai,Villa,2,1684.0,37610.0,2024-07-11,633.35,maharera
Mumbai,Malad,Apartment,2,815.0,34215.0,2024-12-08,278.85,maharera
Mumbai,Worli,Apartment,4,539.0,28473.0,2024-06-11,153.47,maharera
Mumbai,Worli,Villa,3,436.0,28414.0,2024-09-30,123.89,maharera
Mumbai,Andheri,Apartment,4,1214.0,34081.0,2025-02-08,413.74,maharera
Mumbai,Worli,Apartment,4,435.0,40181.0,2024-09-19,174.79,maharera
Mumbai,Juhu,Apartment,1,888.0,31011.0,2025-03-20,275.38,maharera
Mumbai,Goregaon,Row House,4,1131.0,26247.0,2024-06-22,296.85,maharera
Mumbai,Malad,Plot,3,1056.0,22057.0,2025-02-10,232.92,maharera
Mumbai,Worli,Apartment,3,1128.0,18438.0,2024-07-11,207.98,maharera
Mumbai,Andheri,Villa,3,1067.0,35330.0,2024-06-07,376.97,maharera
Mumbai,Juhu,Plot,4,1384.0,34624.0,2025-01-09,479.2,maharera
Mumbai,Bandra,Apartment,1,714.0,34619.0,2024-05-23,247.18,maharera
Mumbai,Goregaon,Apartment,3,797.0,28971.0,2025-03-08,230.9,maharera
Mumbai,Goregaon,Plot,3,768.0,41255.0,2025-03-15,316.84,maharera
Mumbai,Malad,Apartment,3,1249.0,26127.0,2024-05-20,326.33,maharera
Mumbai,Goregaon,Apartment,3,1270.0,37642.0,2024-06-25,478.05,maharera
Mumbai,Worli,Apartment,2,1135.0,29690.0,2025-02-17,336.98,maharera
Mumbai,Andheri,Plot,2,1355.0,25133.0,2025-04-01,340.55,maharera
Mumbai,Goregaon,Row House,2,647.0,34740.0,2024-07-30,224.77,maharera
Mumbai,Goregaon,Plot,4,1500.0,33277.0,2024-10-25,499.16,maharera
Mumbai,Bandra,Apartment,2,1457.0,32856.0,2024-09-16,478.71,maharera
Mumbai,Bandra,Plot,2,1221.0,30650.0,2024-12-26,374.24,maharera
Mumbai,Powai,Villa,5,1535.0,29697.0,2025-01-25,455.85,maharera
Mumbai,Juhu,Apartment,1,503.0,49107.0,2024-10-25,247.01,maharera
Mumbai,Worli,Villa,5,843.0,39474.0,2024-10-15,332.77,maharera
Mumbai,Goregaon,Apartment,3,779.0,35783.0,2024-11-16,278.75,maharera
Mumbai,Goregaon,Apartment,4,1216.0,30894.0,2024-11-19,375.67,maharera
Mumbai,Andheri,Apartment,2,685.0,38057.0,2025-01-30,260.69,maharera
Mumbai,Powai,Apartment,1,1227.0,34144.0,2024-09-20,418.95,maharera
Mumbai,Juhu,Apartment,3,1411.0,30210.0,2024-05-13,426.26,maharera
Mumbai,Powai,Apartment,4,1209.0,27571.0,2024-08-21,333.33,maharera
Mumbai,Malad,Apartment,3,1085.0,29353.0,2024-06-29,318.48,maharera
Mumbai,Juhu,Villa,2,704.0,4637.0,2024-10-16,32.64,maharera
Mumbai,Goregaon,Apartment,3,746.0,31685.0,2024-05-25,236.37,maharera
Mumbai,Goregaon,Apartment,3,1375.0,26092.0,2025-02-25,358.76,maharera
Mumbai,Juhu,Apartment,3,1234.0,42741.0,2025-03-30,527.42,maharera
Mumbai,Goregaon,Villa,3,988.0,30155.0,2024-10-14,297.93,maharera
Mumbai,Worli,Apartment,4,875.0,20488.0,2024-11-06,179.27,maharera
Mumbai,Juhu,Apartment,3,392.0,29601.0,2024-09-07,116.04,maharera
Mumbai,Powai,Plot,1,679.0,21631.0,2024-06-08,146.87,maharera
Mumbai,Juhu,Apartment,3,1573.0,33787.0,2025-01-10,531.47,maharera
Mumbai,Goregaon,Apartment,1,616.0,32328.0,2024-07-27,199.14,maharera
Mumbai,Worli,Apartment,3,1057.0,37663.0,2025-03-16,398.1,maharera
Mumbai,Worli,Plot,3,1302.0,23673.0,2024-07-23,308.22,maharera
Mumbai,Malad,Apartment,1,624.0,30272.0,2025-03-04,188.9,maharera
Mumbai,Powai,Plot,2,1055.0,19080.0,2024-07-20,201.29,maharera
Mumbai,Bandra,Apartment,2,1281.0,35612.0,2024-08-15,456.19,maharera
Mumbai,Bandra,Plot,4,1004.0,34151.0,2025-04-03,342.88,maharera
Mumbai,Juhu,Villa,4,1861.0,33966.0,2024-04-24,632.11,maharera
Mumbai,Malad,Row House,1,499.0,30013.0,2024-06-02,149.76,maharera
Mumbai,Andheri,Apartment,5,1318.0,33318.0,2024-08-22,439.13,maharera
Mumbai,Juhu,Villa,3,948.0,42835.0,2024-06-26,406.08,maharera
Mumbai,Malad,Apartment,2,1232.0,27719.0,2025-01-26,341.5,maharera
Mumbai,Powai,Apartment,1,1132.0,31109.0,2024-05-28,352.15,maharera
Mumbai,Powai,Apartment,3,780.0,21311.0,2024-04-07,166.23,maharera
Mumbai,Powai,Plot,3,1069.0,23054.0,2024-07-26,246.45,maharera
Mumbai,Powai,Row House,3,443.0,30783.0,2024-11-13,136.37,maharera
Mumbai,Powai,Villa,1,1181.0,38831.0,2025-03-13,458.59,maharera
Mumbai,Malad,Apartment,1,1089.0,27950.0,2024-08-15,304.38,maharera
Mumbai,Malad,Apartment,3,1192.0,28113.0,2024-05-08,335.11,maharera
Mumbai,Worli,Villa,2,1317.0,26745.0,2024-10-13,352.23,maharera
Mumbai,Bandra,Apartment,2,1110.0,25722.0,2024-05-09,285.51,maharera
Mumbai,Goregaon,Apartment,2,1044.0,32360.0,2024-05-16,337.84,maharera
Mumbai,Powai,Apartment,4,736.0,18022.0,2024-04-14,132.64,maharera
Mumbai,Andheri,Apartment,4,786.0,40248.0,2024-10-29,316.35,maharera
Mumbai,Goregaon,Apartment,3,1356.0,24677.0,2024-04-23,334.62,maharera
Mumbai,Malad,Apartment,4,1431.0,35775.0,2024-04-23,511.94,maharera
Mumbai,Andheri,Apartment,2,929.0,19840.0,2024-06-24,184.31,maharera
Mumbai,Andheri,Apartment,3,1014.0,35351.0,2025-03-19,358.46,maharera
Mumbai,Andheri,Row House,2,729.0,35376.0,2025-02-21,257.89,maharera
Mumbai,Worli,Apartment,3,1352.0,33074.0,2024-11-02,447.16,maharera
Mumbai,Malad,Apartment,5,1200.0,22045.0,2024-04-16,264.54,maharera
Mumbai,Andheri,Apartment,3,1582.0,31996.0,2024-08-18,506.18,maharera
Mumbai,Powai,Apartment,2,737.0,20536.0,2024-05-25,151.35,maharera
Mumbai,Juhu,Plot,3,887.0,27978.0,2024-08-24,248.16,maharera
Mumbai,Andheri,Villa,2,1069.0,38235.0,2024-09-01,408.73,maharera
Mumbai,Worli,Apartment,4,1194.0,36374.0,2025-02-09,434.31,maharera
Mumbai,Goregaon,Apartment,3,935.0,30121.0,2025-03-06,281.63,maharera
Mumbai,Malad,Plot,3,738.0,22202.0,2024-04-14,163.85,maharera
Mumbai,Worli,Plot,3,1264.0,35165.0,2025-02-06,444.49,maharera
Mumbai,Andheri,Apartment,3,1216.0,30155.0,2024-04-18,366.68,maharera
Mumbai,Malad,Apartment,1,725.0,11437.0,2024-08-14,82.92,maharera
Mumbai,Juhu,Apartment,3,1407.0,36261.0,2024-12-20,510.19,maharera
Mumbai,Andheri,Row House,2,1351.0,29806.0,2024-09-27,402.68,maharera
Mumbai,Worli,Apartment,3,1040.0,39620.0,2025-03-19,412.05,maharera
Mumbai,Bandra,Plot,4,1024.0,21238.0,2024-08-23,217.48,maharera
Mumbai,Powai,Apartment,4,1166.0,4586.0,2024-10-21,53.47,maharera
Mumbai,Goregaon,Apartment,3,741.0,32233.0,2025-01-25,238.85,maharera
Mumbai,Worli,Apartment,3,1009.0,32333.0,2024-04-09,326.24,maharera
Mumbai,Malad,Apartment,2,354.0,16475.0,2025-02-11,58.32,maharera
Mumbai,Andheri,Apartment,3,1263.0,22172.0,2024-08-04,280.03,maharera
Mumbai,Powai,Apartment,2,532.0,52042.0,2024-04-21,276.86,maharera
Mumbai,Andheri,Apartment,3,1451.0,27555.0,2025-01-20,399.82,maharera
Mumbai,Malad,Villa,2,901.0,35848.0,2025-03-02,322.99,maharera
Mumbai,Andheri,Apartment,2,936.0,24795.0,2024-07-13,232.08,maharera
Mumbai,Bandra,Apartment,3,812.0,13278.0,2024-05-24,107.82,maharera
Mumbai,Powai,Row House,1,914.0,28638.0,2024-06-10,261.75,maharera
Mumbai,Powai,Plot,3,1426.0,27875.0,2024-12-06,397.5,maharera
Mumbai,Malad,Plot,2,254.0,26801.0,2024-05-17,68.07,maharera
Mumbai,Goregaon,Row House,1,1383.0,29083.0,2025-03-12,402.22,maharera
Mumbai,Bandra,Apartment,3,1101.0,32114.0,2024-10-28,353.58,maharera
Mumbai,Worli,Apartment,1,638.0,28799.0,2025-01-12,183.74,maharera
Mumbai,Andheri,Villa,2,677.0,19888.0,2024-12-13,134.64,maharera
Mumbai,Juhu,Apartment,3,1503.0,33889.0,2024-08-26,509.35,maharera
Mumbai,Andheri,Apartment,1,716.0,14405.0,2024-10-22,103.14,maharera
Mumbai,Andheri,Villa,4,654.0,13597.0,2024-09-27,88.92,maharera
Mumbai,Worli,Apartment,1,1341.0,35913.0,2024-10-13,481.59,maharera
Mumbai,Andheri,Apartment,2,1102.0,34056.0,2025-04-05,375.3,maharera
Mumbai,Bandra,Apartment,3,719.0,29541.0,2024-08-20,212.4,maharera
Mumbai,Bandra,Apartment,2,1065.0,18836.0,2025-01-10,200.6,maharera
Mumbai,Powai,Apartment,2,692.0,24337.0,2025-02-03,168.41,maharera
Mumbai,Malad,Apartment,2,1330.0,27898.0,2024-05-21,371.04,maharera
Mumbai,Goregaon,Plot,2,1318.0,17233.0,2024-09-12,227.13,maharera
Mumbai,Juhu,Apartment,4,1160.0,24088.0,2024-12-22,279.42,maharera
Mumbai,Andheri,Apartment,2,1108.0,35219.0,2024-05-23,390.23,maharera
Mumbai,Andheri,Plot,3,1528.0,41418.0,2024-06-19,632.87,maharera
Mumbai,Worli,Row House,4,1000.0,26645.0,2024-07-30,266.45,maharera
Mumbai,Malad,Plot,3,645.0,36052.0,2025-03-24,232.54,maharera
Mumbai,Bandra,Villa,4,1135.0,14688.0,2024-10-25,166.71,maharera
Mumbai,Juhu,Apartment,2,1626.0,35276.0,2025-02-22,573.59,maharera
Mumbai,Powai,Apartment,5,696.0,23568.0,2024-12-16,164.03,maharera
Mumbai,Bandra,Apartment,1,892.0,32459.0,2024-09-13,289.53,maharera
Mumbai,Malad,Apartment,3,1125.0,28018.0,2024-07-24,315.2,maharera
Mumbai,Goregaon,Apartment,3,984.0,40563.0,2024-06-03,399.14,maharera
Mumbai,Powai,Apartment,2,705.0,23005.0,2024-11-13,162.19,maharera
Mumbai,Goregaon,Villa,3,1337.0,35021.0,2024-11-11,468.23,maharera
Mumbai,Worli,Apartment,3,1696.0,27764.0,2024-06-09,470.88,maharera
Mumbai,Worli,Apartment,1,1059.0,28734.0,2024-10-24,304.29,maharera
Mumbai,Andheri,Apartment,2,729.0,28529.0,2024-10-19,207.98,maharera
Mumbai,Goregaon,Apartment,3,535.0,23235.0,2024-06-12,124.31,maharera
Mumbai,Malad,Apartment,3,1077.0,29887.0,2024-08-16,321.88,maharera
Mumbai,Juhu,Plot,5,1331.0,29499.0,2024-07-09,392.63,maharera
Mumbai,Powai,Apartment,3,1143.0,31930.0,2025-02-05,364.96,maharera
Mumbai,Bandra,Apartment,5,999.0,30676.0,2024-06-14,306.45,maharera
Mumbai,Malad,Apartment,3,823.0,36384.0,2024-08-14,299.44,maharera
Mumbai,Malad,Villa,2,672.0,37388.0,2024-10-23,251.25,maharera
Mumbai,Worli,Apartment,2,1250.0,21595.0,2024-09-24,269.94,maharera
Mumbai,Goregaon,Apartment,3,1274.0,36950.0,2024-08-15,470.74,maharera
Mumbai,Andheri,Apartment,3,536.0,20509.0,2024-10-05,109.93,maharera
Mumbai,Andheri,Apartment,1,1477.0,34703.0,2024-05-08,512.56,maharera
Mumbai,Powai,Plot,2,1172.0,34958.0,2024-08-17,409.71,maharera
Mumbai,Worli,Villa,5,1420.0,14709.0,2024-04-10,208.87,maharera
Mumbai,Malad,Apartment,3,597.0,30744.0,2024-12-20,183.54,maharera
Mumbai,Juhu,Plot,3,590.0,26252.0,2024-08-26,154.89,maharera
Mumbai,Worli,Plot,3,955.0,23930.0,2025-01-16,228.53,maharera
Mumbai,Powai,Villa,2,1151.0,40807.0,2024-08-15,469.69,maharera
Mumbai,Powai,Villa,2,1539.0,24771.0,2024-10-04,381.23,maharera
Mumbai,Worli,Apartment,2,1212.0,23549.0,2024-10-03,285.41,maharera
Mumbai,Powai,Apartment,1,927.0,30606.0,2024-11-23,283.72,maharera
Mumbai,Worli,Apartment,3,692.0,35485.0,2024-08-29,245.56,maharera
Mumbai,Bandra,Villa,3,1369.0,28867.0,2024-06-22,395.19,maharera
Mumbai,Worli,Apartment,4,711.0,39331.0,2024-04-07,279.64,maharera
Mumbai,Goregaon,Plot,4,1489.0,34248.0,2024-09-16,509.95,maharera
Mumbai,Worli,Plot,2,915.0,12574.0,2024-11-11,115.05,maharera
Mumbai,Powai,Apartment,3,1477.0,25764.0,2024-05-17,380.53,maharera
Mumbai,Goregaon,Villa,3,1204.0,25505.0,2024-11-30,307.08,maharera
Mumbai,Powai,Apartment,4,959.0,33835.0,2024-11-22,324.48,maharera
Mumbai,Andheri,Apartment,2,844.0,9001.0,2024-12-13,75.97,maharera
Mumbai,Andheri,Villa,3,898.0,50392.0,2024-07-16,452.52,maharera
Mumbai,Goregaon,Apartment,3,1128.0,34248.0,2025-02-01,386.32,maharera
Mumbai,Bandra,Villa,2,1023.0,31191.0,2024-11-22,319.08,maharera
Mumbai,Andheri,Villa,2,822.0,39453.0,2025-02-24,324.3,maharera
Mumbai,Worli,Apartment,3,950.0,48749.0,2024-06-14,463.12,maharera
Mumbai,Powai,Apartment,3,1024.0,36966.0,2025-04-03,378.53,maharera
Mumbai,Andheri,Apartment,2,361.0,37591.0,2024-09-24,135.7,maharera
Mumbai,Andheri,Apartment,3,1137.0,31046.0,2024-12-17,352.99,maharera
Mumbai,Bandra,Row House,2,706.0,28868.0,2024-08-28,203.81,maharera
Mumbai,Goregaon,Apartment,3,654.0,26194.0,2025-04-02,171.31,maharera
Mumbai,Goregaon,Apartment,2,494.0,23391.0,2024-08-05,115.55,maharera
Mumbai,Malad,Apartment,4,462.0,24504.0,2024-10-22,113.21,maharera
Mumbai,Bandra,Apartment,2,593.0,19196.0,2025-03-11,113.83,maharera
Mumbai,Worli,Villa,2,787.0,29393.0,2025-03-20,231.32,maharera
Mumbai,Goregaon,Apartment,1,1586.0,16523.0,2024-09-02,262.05,maharera
Mumbai,Powai,Villa,2,842.0,31527.0,2025-01-04,265.46,maharera
Mumbai,Bandra,Apartment,3,1053.0,29709.0,2025-03-06,312.84,maharera
Mumbai,Andheri,Row House,2,1120.0,31175.0,2024-09-13,349.16,maharera
Mumbai,Powai,Apartment,4,1039.0,25823.0,2024-09-11,268.3,maharera
Mumbai,Powai,Apartment,1,977.0,54615.0,2024-12-20,533.59,maharera
Mumbai,Andheri,Plot,2,641.0,40881.0,2024-11-11,262.05,maharera
Mumbai,Bandra,Apartment,2,1435.0,20044.0,2024-12-26,287.63,maharera
Mumbai,Andheri,Plot,1,1542.0,31863.0,2024-05-23,491.33,maharera
Mumbai,Malad,Apartment,2,495.0,25136.0,2024-08-08,124.42,maharera
Mumbai,Powai,Apartment,3,693.0,21884.0,2024-08-02,151.66,maharera
Mumbai,Juhu,Apartment,3,916.0,19279.0,2024-10-25,176.6,maharera
Mumbai,Juhu,Villa,3,711.0,33458.0,2024-10-15,237.89,maharera
Mumbai,Worli,Apartment,3,1152.0,24549.0,2025-03-02,282.8,maharera
Mumbai,Goregaon,Apartment,3,782.0,37743.0,2024-06-26,295.15,maharera
Mumbai,Andheri,Apartment,1,1650.0,37950.0,2024-04-12,626.17,maharera
Mumbai,Andheri,Apartment,3,1357.0,40991.0,2024-04-13,556.25,maharera
Mumbai,Worli,Apartment,5,1064.0,23181.0,2025-03-16,246.65,maharera
Mumbai,Worli,Plot,3,1308.0,33803.0,2024-06-02,442.14,maharera
Mumbai,Worli,Row House,3,1332.0,35060.0,2024-10-25,467.0,maharera
Mumbai,Powai,Row House,2,831.0,26207.0,2024-12-30,217.78,maharera
Mumbai,Malad,Villa,3,755.0,23826.0,2024-06-03,179.89,maharera
Mumbai,Andheri,Apartment,3,1023.0,42876.0,2024-05-02,438.62,maharera
Mumbai,Powai,Villa,3,1258.0,31820.0,2025-02-10,400.3,maharera
Mumbai,Worli,Apartment,5,1042.0,35088.0,2024-05-08,365.62,maharera
Mumbai,Andheri,Apartment,2,527.0,23423.0,2024-11-30,123.44,maharera
Mumbai,Powai,Apartment,1,759.0,20246.0,2024-09-25,153.67,maharera
Mumbai,Malad,Apartment,3,978.0,25444.0,2024-08-06,248.84,maharera
Mumbai,Powai,Villa,4,977.0,29008.0,2024-04-22,283.41,maharera
Mumbai,Malad,Apartment,2,1592.0,21486.0,2025-01-08,342.06,maharera
Mumbai,Worli,Apartment,2,584.0,29921.0,2024-05-05,174.74,maharera
Mumbai,Malad,Apartment,1,1152.0,16492.0,2024-09-03,189.99,maharera
Mumbai,Andheri,Row House,2,1447.0,21040.0,2025-01-04,304.45,maharera
Mumbai,Worli,Apartment,3,1681.0,35367.0,2024-06-07,594.52,maharera
Mumbai,Andheri,Apartment,3,879.0,34830.0,2024-08-14,306.16,maharera
Mumbai,Juhu,Apartment,2,1147.0,26865.0,2024-10-04,308.14,maharera
Mumbai,Bandra,Villa,2,1171.0,21858.0,2025-02-27,255.96,maharera
Mumbai,Malad,Apartment,1,1059.0,21781.0,2024-11-18,230.66,maharera
Mumbai,Bandra,Apartment,2,970.0,27014.0,2024-09-23,262.04,maharera
Mumbai,Bandra,Apartment,3,1131.0,35156.0,2025-03-22,397.61,maharera
Mumbai,Malad,Apartment,5,240.0,37426.0,2024-07-23,89.82,maharera
Mumbai,Worli,Apartment,4,1205.0,26028.0,2024-11-22,313.64,maharera
Mumbai,Juhu,Apartment,1,1038.0,20772.0,2025-04-05,215.61,maharera
Mumbai,Andheri,Row House,4,933.0,32143.0,2025-02-16,299.89,maharera
Mumbai,Powai,Apartment,3,1614.0,23412.0,2024-12-31,377.87,maharera
Mumbai,Andheri,Apartment,3,798.0,25854.0,2024-09-17,206.31,maharera
Mumbai,Powai,Plot,3,879.0,40602.0,2025-03-11,356.89,maharera
Mumbai,Andheri,Apartment,2,1597.0,36617.0,2024-04-28,584.77,maharera
Mumbai,Malad,Apartment,2,750.0,31264.0,2024-08-14,234.48,maharera
Mumbai,Juhu,Apartment,1,835.0,19825.0,2024-04-22,165.54,maharera
Mumbai,Powai,Apartment,2,956.0,31691.0,2024-08-05,302.97,maharera
Mumbai,Goregaon,Row House,2,1252.0,38501.0,2024-04-13,482.03,maharera
Mumbai,Worli,Apartment,3,1062.0,26995.0,2024-05-14,286.69,maharera
Mumbai,Andheri,Plot,3,612.0,40809.0,2024-04-20,249.75,maharera
Mumbai,Andheri,Apartment,3,840.0,40342.0,2025-02-14,338.87,maharera
Mumbai,Powai,Apartment,1,818.0,43310.0,2025-01-15,354.28,maharera
Mumbai,Worli,Apartment,5,977.0,32442.0,2025-03-01,316.96,maharera
Mumbai,Worli,Apartment,4,1128.0,34699.0,2025-01-29,391.4,maharera
Mumbai,Malad,Apartment,3,1125.0,41313.0,2024-11-28,464.77,maharera
Mumbai,Goregaon,Plot,5,467.0,33579.0,2024-11-02,156.81,maharera
Mumbai,Malad,Apartment,3,1319.0,25990.0,2024-08-04,342.81,maharera
Mumbai,Malad,Row House,5,1076.0,26412.0,2024-12-16,284.19,maharera
Mumbai,Malad,Apartment,1,1415.0,31908.0,2024-10-20,451.5,maharera
Mumbai,Malad,Plot,2,1133.0,19676.0,2024-11-15,222.93,maharera
Mumbai,Malad,Villa,2,1330.0,28854.0,2024-04-15,383.76,maharera
Mumbai,Juhu,Villa,2,1140.0,38772.0,2024-09-21,442.0,maharera
Mumbai,Worli,Villa,2,1404.0,12470.0,2024-12-18,175.08,maharera
Mumbai,Malad,Villa,3,1157.0,42276.0,2025-01-17,489.13,maharera
Mumbai,Worli,Apartment,3,971.0,38979.0,2024-10-27,378.49,maharera
Mumbai,Worli,Apartment,3,1682.0,26322.0,2025-03-18,442.74,maharera
Mumbai,Bandra,Apartment,2,1267.0,34347.0,2024-11-30,435.18,maharera
Mumbai,Juhu,Plot,4,1172.0,30025.0,2024-09-13,351.89,maharera
Mumbai,Malad,Apartment,3,617.0,39840.0,2025-03-08,245.81,maharera
Mumbai,Andheri,Villa,2,614.0,37861.0,2024-09-11,232.47,maharera
Mumbai,Powai,Apartment,3,1088.0,18799.0,2024-06-30,204.53,maharera
Mumbai,Goregaon,Apartment,2,1044.0,34698.0,2024-11-06,362.25,maharera
Mumbai,Andheri,Apartment,2,816.0,28355.0,2024-08-09,231.38,maharera
Mumbai,Juhu,Apartment,4,1042.0,30663.0,2024-07-14,319.51,maharera
Mumbai,Powai,Apartment,2,1477.0,24175.0,2024-10-06,357.06,maharera
Mumbai,Juhu,Apartment,3,1209.0,43985.0,2024-12-22,531.78,maharera
Mumbai,Worli,Apartment,4,658.0,38320.0,2024-08-13,252.15,maharera
Mumbai,Powai,Apartment,3,967.0,24082.0,2024-10-15,232.87,maharera
Mumbai,Worli,Apartment,1,759.0,19323.0,2024-10-30,146.66,maharera
Mumbai,Andheri,Apartment,2,884.0,26915.0,2024-10-16,237.93,maharera
Mumbai,Andheri,Villa,1,876.0,33476.0,2024-05-30,293.25,maharera
Mumbai,Powai,Apartment,3,857.0,31922.0,2024-10-31,273.57,maharera
Mumbai,Powai,Apartment,3,623.0,40025.0,2024-07-22,249.36,maharera
Mumbai,Malad,Apartment,2,962.0,36319.0,2024-10-24,349.39,maharera
Mumbai,Juhu,Apartment,5,832.0,37757.0,2024-11-10,314.14,maharera
Mumbai,Malad,Apartment,3,121.0,32615.0,2024-11-03,39.46,maharera
Mumbai,Juhu,Apartment,2,1616.0,18886.0,2025-02-27,305.2,maharera
Mumbai,Malad,Apartment,3,1327.0,28434.0,2024-11-26,377.32,maharera
Mumbai,Worli,Apartment,3,887.0,38481.0,2024-04-13,341.33,maharera
Mumbai,Powai,Apartment,1,1006.0,29588.0,2024-07-25,297.66,maharera
Mumbai,Andheri,Plot,2,649.0,34025.0,2024-09-10,220.82,maharera
Mumbai,Juhu,Villa,4,1509.0,27450.0,2025-01-01,414.22,maharera
Mumbai,Juhu,Apartment,3,1569.0,21762.0,2024-04-23,341.45,maharera
Mumbai,Andheri,Apartment,3,1047.0,29013.0,2024-05-14,303.77,maharera
Mumbai,Malad,Apartment,3,1307.0,32472.0,2024-10-17,424.41,maharera
Mumbai,Juhu,Apartment,1,1053.0,24754.0,2024-07-30,260.66,maharera
Mumbai,Goregaon,Row House,2,599.0,28114.0,2024-09-28,168.4,maharera
Mumbai,Worli,Apartment,3,876.0,22484.0,2024-09-19,196.96,maharera
Mumbai,Powai,Apartment,2,1040.0,38954.0,2024-08-28,405.12,maharera
Mumbai,Andheri,Apartment,1,864.0,27644.0,2025-03-13,238.84,maharera
Mumbai,Powai,Villa,4,934.0,41622.0,2024-08-05,388.75,maharera
Mumbai,Goregaon,Apartment,5,973.0,42230.0,2024-05-17,410.9,maharera
Mumbai,Juhu,Apartment,3,976.0,29352.0,2024-11-29,286.48,maharera
Mumbai,Juhu,Apartment,4,1016.0,21932.0,2025-01-03,222.83,maharera
Mumbai,Goregaon,Apartment,2,682.0,13313.0,2024-06-10,90.79,maharera
Mumbai,Andheri,Apartment,5,785.0,18224.0,2024-11-24,143.06,maharera
Mumbai,Worli,Apartment,2,615.0,19009.0,2025-02-10,116.91,maharera
Mumbai,Bandra,Apartment,5,1293.0,41028.0,2024-10-30,530.49,maharera
Mumbai,Andheri,Apartment,5,368.0,30927.0,2025-03-08,113.81,maharera
Mumbai,Bandra,Apartment,3,1346.0,33117.0,2024-09-07,445.75,maharera
Mumbai,Goregaon,Apartment,5,1416.0,12237.0,2024-11-03,173.28,maharera
Mumbai,Malad,Apartment,3,909.0,20416.0,2024-06-17,185.58,maharera
Mumbai,Bandra,Apartment,2,219.0,37097.0,2024-08-27,81.24,maharera
Mumbai,Worli,Villa,3,892.0,32294.0,2024-12-12,288.06,maharera
Mumbai,Malad,Apartment,3,981.0,28822.0,2024-10-30,282.74,maharera
Mumbai,Bandra,Apartment,1,697.0,34519.0,2024-07-21,240.6,maharera
Mumbai,Goregaon,Apartment,3,845.0,43086.0,2024-07-29,364.08,maharera
Mumbai,Malad,Apartment,5,1459.0,28232.0,2024-12-05,411.9,maharera
Mumbai,Goregaon,Villa,2,1199.0,30555.0,2024-06-11,366.35,maharera
Mumbai,Bandra,Apartment,3,723.0,31541.0,2024-07-17,228.04,maharera
Mumbai,Goregaon,Plot,4,521.0,49137.0,2025-02-16,256.0,maharera
Mumbai,Worli,Apartment,4,902.0,13205.0,2024-05-12,119.11,maharera
Mumbai,Bandra,Apartment,5,936.0,35466.0,2024-06-13,331.96,maharera
Mumbai,Bandra,Villa,3,1149.0,29082.0,2024-04-09,334.15,maharera
Mumbai,Bandra,Plot,5,839.0,34534.0,2025-01-19,289.74,maharera
Mumbai,Andheri,Villa,3,1153.0,24741.0,2024-11-30,285.26,maharera
Mumbai,Andheri,Villa,2,1581.0,29608.0,2024-09-21,468.1,maharera
Mumbai,Andheri,Apartment,3,1245.0,35691.0,2024-08-28,444.35,maharera
Mumbai,Worli,Villa,3,986.0,54903.0,2025-01-05,541.34,maharera
Mumbai,Malad,Apartment,2,945.0,36464.0,2025-03-29,344.58,maharera
Mumbai,Goregaon,Plot,3,893.0,23215.0,2025-03-05,207.31,maharera
Mumbai,Juhu,Apartment,3,1354.0,26610.0,2024-05-21,360.3,maharera
Mumbai,Bandra,Villa,2,812.0,26373.0,2024-07-11,214.15,maharera
Mumbai,Goregaon,Apartment,3,1014.0,15635.0,2024-09-27,158.54,maharera
Mumbai,Bandra,Apartment,3,1015.0,27359.0,2024-04-22,277.69,maharera
Mumbai,Worli,Apartment,3,849.0,35863.0,2024-10-25,304.48,maharera
Mumbai,Bandra,Villa,1,588.0,19806.0,2025-02-04,116.46,maharera
Mumbai,Andheri,Apartment,1,1097.0,38388.0,2024-07-16,421.12,maharera
Mumbai,Juhu,Apartment,2,982.0,33902.0,2024-06-25,332.92,maharera
Mumbai,Powai,Apartment,4,1150.0,24126.0,2025-01-01,277.45,maharera
Mumbai,Bandra,Apartment,2,840.0,28868.0,2025-02-24,242.49,maharera
Mumbai,Goregaon,Plot,3,1366.0,42787.0,2024-11-08,584.47,maharera
Mumbai,Andheri,Apartment,2,737.0,35868.0,2024-09-14,264.35,maharera
Mumbai,Powai,Row House,2,1514.0,30070.0,2024-07-13,455.26,maharera
Mumbai,Juhu,Apartment,4,476.0,28099.0,2025-04-04,133.75,maharera
Mumbai,Powai,Apartment,3,1130.0,30613.0,2024-10-10,345.93,maharera
Mumbai,Andheri,Villa,1,1143.0,25906.0,2024-09-24,296.11,maharera
Mumbai,Malad,Apartment,3,761.0,13162.0,2024-05-05,100.16,maharera
Mumbai,Malad,Apartment,1,1127.0,46337.0,2024-09-22,522.22,maharera
Mumbai,Powai,Apartment,3,1384.0,31243.0,2024-04-28,432.4,maharera
Mumbai,Worli,Villa,3,335.0,33185.0,2024-07-31,111.17,maharera
Mumbai,Goregaon,Apartment,2,1151.0,29537.0,2024-09-06,339.97,maharera
Mumbai,Goregaon,Row House,2,252.0,24119.0,2024-11-04,60.78,maharera
Mumbai,Powai,Row House,2,710.0,28513.0,2024-10-30,202.44,maharera
Mumbai,Bandra,Apartment,4,1489.0,17205.0,2024-04-09,256.18,maharera
Mumbai,Bandra,Apartment,5,825.0,48217.0,2024-11-18,397.79,maharera
Mumbai,Goregaon,Apartment,1,648.0,20124.0,2024-08-28,130.4,maharera
Mumbai,Goregaon,Apartment,3,941.0,21744.0,2024-07-07,204.61,maharera
Mumbai,Malad,Apartment,2,1620.0,26478.0,2024-11-03,428.94,maharera
Mumbai,Worli,Apartment,2,450.0,40305.0,2024-07-31,181.37,maharera
Mumbai,Andheri,Apartment,3,685.0,30116.0,2024-07-01,206.29,maharera
Mumbai,Bandra,Plot,4,1449.0,20111.0,2024-06-06,291.41,maharera
Mumbai,Goregaon,Villa,5,1557.0,40035.0,2024-07-04,623.34,maharera
Mumbai,Malad,Villa,3,969.0,35848.0,2025-04-04,347.37,maharera
Mumbai,Juhu,Apartment,2,628.0,34307.0,2025-01-08,215.45,maharera
Mumbai,Malad,Apartment,3,1629.0,35726.0,2024-06-23,581.98,maharera
Mumbai,Bandra,Apartment,2,1478.0,49155.0,2024-11-27,726.51,maharera
Mumbai,Bandra,Row House,3,1204.0,47481.0,2025-01-18,571.67,maharera
Mumbai,Malad,Apartment,2,756.0,24506.0,2024-07-20,185.27,maharera
Mumbai,Andheri,Plot,3,985.0,42991.0,2024-08-08,423.46,maharera
Mumbai,Powai,Apartment,2,952.0,33065.0,2024-11-16,314.78,maharera
Mumbai,Bandra,Apartment,2,1099.0,33993.0,2024-08-21,373.58,maharera
Mumbai,Malad,Villa,4,1435.0,16462.0,2024-10-25,236.23,maharera
Mumbai,Goregaon,Apartment,2,1264.0,28637.0,2024-08-13,361.97,maharera
Mumbai,Malad,Plot,3,677.0,23497.0,2024-11-29,159.07,maharera
Mumbai,Worli,Plot,2,1413.0,36624.0,2024-09-18,517.5,maharera
Mumbai,Powai,Apartment,1,1094.0,38569.0,2025-03-06,421.94,maharera
Mumbai,Juhu,Apartment,1,1206.0,13404.0,2024-11-19,161.65,maharera
Mumbai,Andheri,Apartment,2,1440.0,29824.0,2025-03-16,429.47,maharera
Mumbai,Juhu,Plot,4,667.0,38975.0,2024-08-15,259.96,maharera
Mumbai,Powai,Apartment,2,989.0,28507.0,2024-09-16,281.93,maharera
Mumbai,Powai,Apartment,5,841.0,35833.0,2024-07-01,301.36,maharera
Mumbai,Powai,Apartment,3,530.0,32809.0,2024-11-26,173.89,maharera
Mumbai,Juhu,Villa,3,1104.0,32733.0,2024-11-09,361.37,maharera
Mumbai,Goregaon,Apartment,3,1753.0,27829.0,2025-03-08,487.84,maharera
Mumbai,Powai,Villa,3,448.0,20267.0,2024-04-10,90.8,maharera
Mumbai,Malad,Plot,3,990.0,21028.0,2024-06-02,208.18,maharera
Mumbai,Juhu,Apartment,2,1192.0,35675.0,2024-10-26,425.25,maharera
Mumbai,Powai,Apartment,2,1037.0,30156.0,2024-04-14,312.72,maharera
Mumbai,Malad,Row House,4,966.0,28892.0,2024-05-01,279.1,maharera
Mumbai,Goregaon,Apartment,4,610.0,26609.0,2025-02-04,162.31,maharera
Mumbai,Worli,Plot,4,1070.0,27558.0,2024-12-02,294.87,maharera
Mumbai,Goregaon,Apartment,3,773.0,38375.0,2025-01-25,296.64,maharera
Mumbai,Powai,Apartment,3,343.0,27318.0,2024-05-15,93.7,maharera
Mumbai,Juhu,Plot,3,1358.0,19271.0,2024-04-07,261.7,maharera
Mumbai,Bandra,Apartment,3,1288.0,35949.0,2024-08-06,463.02,maharera
Mumbai,Powai,Apartment,2,1015.0,28361.0,2024-07-31,287.86,maharera
Mumbai,Bandra,Apartment,3,1069.0,30251.0,2024-08-28,323.38,maharera
Mumbai,Malad,Apartment,2,1322.0,42861.0,2025-03-16,566.62,maharera
Mumbai,Worli,Apartment,2,1067.0,29836.0,2025-01-14,318.35,maharera
Mumbai,Andheri,Apartment,4,1271.0,32313.0,2024-04-27,410.7,maharera
Mumbai,Goregaon,Row House,2,911.0,20569.0,2025-03-27,187.38,maharera
Mumbai,Worli,Apartment,1,1394.0,28243.0,2025-03-25,393.71,maharera
Mumbai,Powai,Apartment,1,1096.0,34876.0,2024-07-17,382.24,maharera
Mumbai,Bandra,Apartment,4,1058.0,17557.0,2024-11-12,185.75,maharera
Mumbai,Goregaon,Villa,3,619.0,31607.0,2024-09-26,195.65,maharera
Mumbai,Bandra,Apartment,3,1086.0,30806.0,2024-07-30,334.55,maharera
Mumbai,Juhu,Row House,4,750.0,30330.0,2024-12-13,227.48,maharera
Mumbai,Bandra,Apartment,4,809.0,38297.0,2025-03-11,309.82,maharera
Mumbai,Juhu,Apartment,2,755.0,32676.0,2024-07-09,246.7,maharera
Mumbai,Malad,Apartment,3,680.0,41825.0,2025-03-04,284.41,maharera
Mumbai,Goregaon,Apartment,3,1637.0,22051.0,2025-02-03,360.97,maharera
Mumbai,Goregaon,Apartment,3,1399.0,31087.0,2024-08-20,434.91,maharera
Mumbai,Andheri,Apartment,2,1576.0,30676.0,2024-06-07,483.45,maharera
Mumbai,Powai,Villa,4,633.0,21446.0,2025-01-01,135.75,maharera
Mumbai,Juhu,Apartment,3,1021.0,37650.0,2025-03-02,384.41,maharera
Mumbai,Andheri,Apartment,2,612.0,48597.0,2024-09-25,297.41,maharera
Mumbai,Bandra,Apartment,3,791.0,29864.0,2025-01-20,236.22,maharera
Mumbai,Bandra,Villa,1,725.0,34040.0,2024-07-31,246.79,maharera
Mumbai,Andheri,Apartment,2,1372.0,30676.0,2025-01-13,420.87,maharera
Mumbai,Goregaon,Apartment,3,881.0,24291.0,2025-03-12,214.0,maharera
Mumbai,Bandra,Apartment,1,1321.0,15434.0,2025-02-08,203.88,maharera
Mumbai,Malad,Villa,3,1181.0,24354.0,2025-03-05,287.62,maharera
Mumbai,Malad,Apartment,3,1691.0,18864.0,2024-05-22,318.99,maharera
Mumbai,Andheri,Apartment,1,556.0,43633.0,2025-03-25,242.6,maharera
Mumbai,Juhu,Villa,5,1378.0,29079.0,2024-05-22,400.71,maharera
Mumbai,Juhu,Villa,2,1344.0,27233.0,2024-05-08,366.01,maharera
Mumbai,Andheri,Apartment,2,708.0,37113.0,2025-01-04,262.76,maharera
Mumbai,Juhu,Plot,2,1302.0,21026.0,2025-04-05,273.76,maharera
Mumbai,Goregaon,Apartment,2,1101.0,23865.0,2024-05-15,262.75,maharera
Mumbai,Goregaon,Apartment,1,932.0,30545.0,2024-11-21,284.68,maharera
Mumbai,Juhu,Apartment,3,753.0,38230.0,2024-09-22,287.87,maharera
Mumbai,Malad,Apartment,5,784.0,34013.0,2024-11-24,266.66,maharera
Mumbai,Juhu,Apartment,2,1615.0,31987.0,2025-01-10,516.59,maharera
Mumbai,Goregaon,Plot,3,1000.0,30625.0,2024-06-15,306.25,maharera
Mumbai,Worli,Apartment,3,1235.0,33202.0,2024-07-01,410.04,maharera
Mumbai,Powai,Apartment,4,763.0,31613.0,2024-05-17,241.21,maharera
Mumbai,Bandra,Apartment,3,766.0,21760.0,2024-10-08,166.68,maharera
Mumbai,Worli,Plot,2,1325.0,30369.0,2025-04-02,402.39,maharera
Mumbai,Juhu,Apartment,2,595.0,21410.0,2024-12-01,127.39,maharera
Mumbai,Malad,Apartment,3,875.0,30649.0,2024-10-13,268.18,maharera
Mumbai,Andheri,Apartment,4,1010.0,26155.0,2024-07-29,264.17,maharera
Mumbai,Juhu,Apartment,2,1033.0,50315.0,2025-03-16,519.75,maharera
Mumbai,Malad,Row House,2,946.0,29681.0,2024-12-22,280.78,maharera
Mumbai,Powai,Row House,4,1119.0,18766.0,2025-01-30,209.99,maharera
Mumbai,Juhu,Apartment,4,1208.0,28927.0,2024-07-17,349.44,maharera
Mumbai,Goregaon,Row House,5,1220.0,34155.0,2025-02-16,416.69,maharera
Mumbai,Andheri,Apartment,3,704.0,43387.0,2025-03-21,305.44,maharera
Mumbai,Malad,Plot,2,915.0,25284.0,2024-11-12,231.35,maharera
Mumbai,Malad,Apartment,3,1358.0,17341.0,2024-05-01,235.49,maharera
Mumbai,Malad,Apartment,3,1268.0,36535.0,2024-07-30,463.26,maharera
Mumbai,Powai,Apartment,1,588.0,18955.0,2024-04-28,111.46,maharera
Mumbai,Juhu,Apartment,3,1105.0,26511.0,2024-04-17,292.95,maharera
Mumbai,Powai,Apartment,3,407.0,27939.0,2025-01-21,113.71,maharera
Mumbai,Bandra,Apartment,2,1014.0,29443.0,2024-06-20,298.55,maharera
Mumbai,Bandra,Apartment,3,1569.0,35513.0,2024-06-28,557.2,maharera
Mumbai,Juhu,Villa,3,716.0,24531.0,2025-01-30,175.64,maharera
Mumbai,Goregaon,Apartment,5,750.0,27810.0,2024-12-02,208.58,maharera
Mumbai,Powai,Apartment,1,1229.0,29886.0,2024-05-22,367.3,maharera
Mumbai,Andheri,Row House,2,537.0,31197.0,2025-01-09,167.53,maharera
Mumbai,Malad,Apartment,3,810.0,30783.0,2025-02-24,249.34,maharera
Mumbai,Malad,Apartment,2,1179.0,33488.0,2024-10-02,394.82,maharera
Mumbai,Juhu,Apartment,3,810.0,36751.0,2024-04-17,297.68,maharera
Mumbai,Goregaon,Plot,3,929.0,33141.0,2024-05-06,307.88,maharera
Mumbai,Bandra,Apartment,2,1223.0,33629.0,2024-07-14,411.28,maharera
Mumbai,Bandra,Apartment,3,1126.0,17342.0,2024-07-09,195.27,maharera
Mumbai,Malad,Villa,3,1080.0,30402.0,2025-02-23,328.34,maharera
Mumbai,Juhu,Plot,2,898.0,33836.0,2025-01-03,303.85,maharera
Mumbai,Powai,Apartment,4,1111.0,35832.0,2024-10-03,398.09,maharera
Mumbai,Bandra,Apartment,4,963.0,24461.0,2024-09-03,235.56,maharera
Mumbai,Powai,Apartment,3,1137.0,24728.0,2025-03-20,281.16,maharera
Mumbai,Goregaon,Plot,3,851.0,25407.0,2024-07-15,216.21,maharera
Mumbai,Bandra,Apartment,3,945.0,34291.0,2024-12-13,324.05,maharera
Mumbai,Bandra,Apartment,4,703.0,38271.0,2024-06-18,269.05,maharera
Mumbai,Worli,Plot,3,989.0,26740.0,2024-06-18,264.46,maharera
Mumbai,Bandra,Apartment,3,757.0,37264.0,2025-02-17,282.09,maharera
Mumbai,Andheri,Apartment,4,666.0,30988.0,2024-06-03,206.38,maharera
Mumbai,Juhu,Apartment,2,1078.0,29006.0,2024-12-30,312.68,maharera
Mumbai,Juhu,Apartment,4,1064.0,28309.0,2025-01-01,301.21,maharera
Mumbai,Powai,Apartment,2,1235.0,35973.0,2024-05-15,444.27,maharera
Mumbai,Goregaon,Apartment,2,871.0,32605.0,2025-01-22,283.99,maharera
Mumbai,Bandra,Apartment,2,1122.0,48207.0,2024-05-05,540.88,maharera
Mumbai,Andheri,Apartment,5,1165.0,23182.0,2025-01-28,270.07,maharera
Mumbai,Powai,Row House,4,1133.0,34145.0,2024-08-03,386.86,maharera
Mumbai,Worli,Apartment,3,752.0,25766.0,2025-01-19,193.76,maharera
Mumbai,Powai,Row House,3,1045.0,23046.0,2024-09-10,240.83,maharera
Mumbai,Powai,Apartment,3,1109.0,29913.0,2024-07-26,331.74,maharera
Mumbai,Bandra,Plot,4,1002.0,31099.0,2024-08-28,311.61,maharera
Mumbai,Worli,Villa,3,374.0,53345.0,2024-07-18,199.51,maharera
Mumbai,Powai,Apartment,2,1048.0,28527.0,2024-05-10,298.96,maharera
Mumbai,Andheri,Villa,2,1664.0,20959.0,2024-04-27,348.76,maharera
Mumbai,Andheri,Plot,3,892.0,32184.0,2024-07-21,287.08,maharera
Mumbai,Juhu,Apartment,3,782.0,13403.0,2024-06-02,104.81,maharera
Mumbai,Worli,Apartment,2,1112.0,29264.0,2025-01-22,325.42,maharera
Mumbai,Worli,Apartment,1,1094.0,30128.0,2024-12-02,329.6,maharera
Mumbai,Juhu,Villa,4,1358.0,36357.0,2024-09-30,493.73,maharera
Mumbai,Powai,Villa,1,623.0,37789.0,2024-07-26,235.43,maharera
Mumbai,Worli,Villa,3,1219.0,25971.0,2024-05-20,316.59,maharera
Mumbai,Andheri,Apartment,5,1177.0,28795.0,2024-06-02,338.92,maharera
Mumbai,Andheri,Villa,3,957.0,23871.0,2024-08-14,228.45,maharera
Mumbai,Bandra,Apartment,2,1102.0,20975.0,2024-07-30,231.14,maharera
Mumbai,Worli,Apartment,3,1309.0,32479.0,2024-05-09,425.15,maharera
Mumbai,Powai,Apartment,4,1262.0,19811.0,2024-04-26,250.01,maharera
Mumbai,Juhu,Apartment,3,657.0,26683.0,2025-01-24,175.31,maharera
Mumbai,Juhu,Apartment,5,1246.0,22039.0,2024-08-14,274.61,maharera
Mumbai,Powai,Apartment,1,981.0,34397.0,2024-05-17,337.43,maharera
Mumbai,Goregaon,Apartment,3,1022.0,44411.0,2024-11-01,453.88,maharera
Mumbai,Malad,Apartment,3,1022.0,19587.0,2024-12-12,200.18,maharera
Mumbai,Bandra,Apartment,4,955.0,15176.0,2024-05-28,144.93,maharera
Mumbai,Juhu,Apartment,2,1358.0,29001.0,2024-08-21,393.83,maharera
Mumbai,Worli,Apartment,4,975.0,30126.0,2024-05-19,293.73,maharera
Mumbai,Bandra,Apartment,3,664.0,31749.0,2024-04-25,210.81,maharera
Mumbai,Worli,Apartment,2,882.0,26429.0,2024-08-04,233.1,maharera
Mumbai,Goregaon,Apartment,2,1054.0,28395.0,2024-06-04,299.28,maharera
Mumbai,Andheri,Apartment,4,1369.0,32940.0,2025-03-23,450.95,maharera
Mumbai,Bandra,Apartment,2,1181.0,38323.0,2025-03-21,452.59,maharera
Mumbai,Juhu,Apartment,2,745.0,14360.0,2025-02-23,106.98,maharera
Mumbai,Bandra,Apartment,2,1746.0,27048.0,2024-12-17,472.26,maharera
Mumbai,Bandra,Plot,4,1079.0,31710.0,2024-07-02,342.15,maharera
Mumbai,Bandra,Apartment,3,1383.0,22656.0,2024-05-17,313.33,maharera
Mumbai,Malad,Apartment,3,954.0,43849.0,2025-03-18,418.32,maharera
Mumbai,Bandra,Apartment,2,1160.0,24917.0,2025-01-30,289.04,maharera
Mumbai,Worli,Apartment,3,1252.0,29670.0,2024-10-21,371.47,maharera
Mumbai,Andheri,Apartment,3,1365.0,34448.0,2025-01-23,470.22,maharera
Mumbai,Goregaon,Apartment,4,1317.0,25270.0,2024-05-31,332.81,maharera
Mumbai,Powai,Apartment,4,1262.0,15227.0,2024-12-15,192.16,maharera
Mumbai,Bandra,Apartment,1,905.0,26571.0,2024-07-06,240.47,maharera
Mumbai,Juhu,Apartment,3,828.0,38236.0,2025-01-11,316.59,maharera
Mumbai,Bandra,Villa,1,1100.0,27305.0,2024-11-18,300.36,maharera
Mumbai,Juhu,Villa,3,1280.0,23229.0,2025-02-26,297.33,maharera
Mumbai,Worli,Villa,2,933.0,37405.0,2024-12-22,348.99,maharera
Mumbai,Juhu,Row House,2,1320.0,27354.0,2024-05-17,361.07,maharera
Mumbai,Powai,Apartment,2,1436.0,25919.0,2024-06-29,372.2,maharera
Mumbai,Andheri,Apartment,3,725.0,31196.0,2024-12-04,226.17,maharera
Mumbai,Juhu,Apartment,2,749.0,36166.0,2024-08-31,270.88,maharera
Mumbai,Juhu,Apartment,3,958.0,49054.0,2025-02-04,469.94,maharera
Mumbai,Andheri,Plot,3,1092.0,36618.0,2024-12-27,399.87,maharera
Mumbai,Powai,Apartment,1,843.0,39279.0,2024-06-03,331.12,maharera
Mumbai,Bandra,Plot,3,1406.0,25952.0,2024-04-17,364.89,maharera
Mumbai,Juhu,Apartment,2,1127.0,21793.0,2024-09-14,245.61,maharera
Mumbai,Andheri,Plot,3,1012.0,30499.0,2024-07-22,308.65,maharera
Mumbai,Worli,Apartment,3,569.0,30857.0,2025-04-01,175.58,maharera
Mumbai,Andheri,Apartment,2,605.0,21372.0,2024-09-21,129.3,maharera
Mumbai,Worli,Apartment,1,1084.0,28598.0,2024-10-08,310.0,maharera
Mumbai,Powai,Apartment,2,360.0,33195.0,2024-04-29,119.5,maharera
Mumbai,Bandra,Apartment,4,1304.0,32883.0,2024-11-24,428.79,maharera
Mumbai,Andheri,Apartment,3,953.0,34034.0,2024-05-17,324.34,maharera
Mumbai,Goregaon,Villa,3,1973.0,32328.0,2024-07-27,637.83,maharera
Mumbai,Goregaon,Apartment,3,1692.0,25944.0,2024-07-15,438.97,maharera
Mumbai,Malad,Apartment,2,946.0,25889.0,2025-01-03,244.91,maharera
Mumbai,Juhu,Apartment,3,968.0,20408.0,2024-11-07,197.55,maharera
Mumbai,Powai,Villa,3,1299.0,44278.0,2024-11-19,575.17,maharera
Mumbai,Andheri,Apartment,2,1511.0,30108.0,2024-09-10,454.93,maharera
Mumbai,Goregaon,Apartment,2,509.0,28201.0,2024-12-02,143.54,maharera
Mumbai,Juhu,Apartment,2,464.0,22570.0,2024-08-15,104.72,maharera
Mumbai,Goregaon,Apartment,3,813.0,53485.0,2025-02-04,434.83,maharera
Mumbai,Andheri,Apartment,5,1175.0,21413.0,2024-06-03,251.6,maharera
Mumbai,Worli,Apartment,1,1149.0,26569.0,2024-07-14,305.28,maharera
Mumbai,Andheri,Apartment,3,1321.0,33327.0,2024-11-23,440.25,maharera
Mumbai,Malad,Villa,2,640.0,34802.0,2024-05-23,222.73,maharera
Mumbai,Andheri,Apartment,5,305.0,37663.0,2024-12-14,114.87,maharera
Mumbai,Andheri,Apartment,2,1257.0,44461.0,2024-09-27,558.87,maharera
Mumbai,Malad,Apartment,3,752.0,34049.0,2024-10-01,256.05,maharera
Mumbai,Powai,Row House,3,394.0,21552.0,2024-05-22,84.91,maharera
Mumbai,Andheri,Apartment,3,1044.0,27944.0,2025-01-07,291.74,maharera
Mumbai,Malad,Villa,3,1238.0,32463.0,2024-10-01,401.89,maharera
Mumbai,Juhu,Apartment,2,963.0,46546.0,2024-06-03,448.24,maharera
Mumbai,Worli,Apartment,2,863.0,18818.0,2024-11-25,162.4,maharera
Mumbai,Worli,Apartment,2,952.0,39621.0,2024-04-11,377.19,maharera
Mumbai,Andheri,Row House,2,889.0,31439.0,2024-12-04,279.49,maharera
Mumbai,Powai,Apartment,3,596.0,36703.0,2025-02-17,218.75,maharera
Mumbai,Powai,Villa,2,786.0,29184.0,2024-06-22,229.39,maharera
Mumbai,Juhu,Plot,2,1156.0,23261.0,2024-10-09,268.9,maharera
Mumbai,Andheri,Apartment,3,1097.0,36007.0,2024-10-08,395.0,maharera
Mumbai,Worli,Apartment,5,1050.0,35235.0,2024-12-28,369.97,maharera
Mumbai,Powai,Apartment,3,701.0,37776.0,2024-05-11,264.81,maharera
Mumbai,Andheri,Apartment,1,946.0,29894.0,2025-03-03,282.8,maharera
Mumbai,Goregaon,Villa,1,347.0,25201.0,2025-01-26,87.45,maharera
Mumbai,Powai,Plot,5,1054.0,17530.0,2024-10-17,184.77,maharera
Mumbai,Malad,Apartment,2,1429.0,36555.0,2024-07-08,522.37,maharera
Mumbai,Goregaon,Apartment,1,558.0,33391.0,2025-02-06,186.32,maharera
Mumbai,Powai,Villa,3,824.0,22274.0,2024-10-07,183.54,maharera
Mumbai,Worli,Apartment,3,1099.0,25691.0,2025-03-18,282.34,maharera
Mumbai,Bandra,Villa,3,1376.0,26266.0,2024-08-23,361.42,maharera
Mumbai,Goregaon,Apartment,2,866.0,18136.0,2025-01-01,157.06,maharera
Mumbai,Juhu,Apartment,1,792.0,23459.0,2024-06-13,185.8,maharera
Mumbai,Juhu,Apartment,5,409.0,20929.0,2025-01-15,85.6,maharera
Mumbai,Worli,Apartment,2,1031.0,26700.0,2024-10-13,275.28,maharera
Mumbai,Powai,Apartment,3,1613.0,24090.0,2024-08-27,388.57,maharera
Mumbai,Andheri,Apartment,3,1083.0,16984.0,2024-12-24,183.94,maharera
Mumbai,Powai,Apartment,3,993.0,46181.0,2025-02-11,458.58,maharera
Mumbai,Worli,Villa,2,1097.0,40020.0,2024-10-05,439.02,maharera
Mumbai,Juhu,Plot,2,997.0,23768.0,2024-04-20,236.97,maharera
Mumbai,Powai,Apartment,3,756.0,32179.0,2024-05-23,243.27,maharera
Mumbai,Juhu,Apartment,4,1247.0,33340.0,2024-04-16,415.75,maharera
Mumbai,Goregaon,Apartment,4,1068.0,39529.0,2024-04-22,422.17,maharera
Mumbai,Andheri,Apartment,2,1005.0,23451.0,2024-05-20,235.68,maharera
Mumbai,Goregaon,Apartment,2,707.0,38737.0,2025-01-28,273.87,maharera
Mumbai,Juhu,Apartment,4,1391.0,25617.0,2025-03-09,356.33,maharera
Mumbai,Juhu,Apartment,3,1199.0,19313.0,2024-07-06,231.56,maharera
Mumbai,Bandra,Apartment,4,834.0,35793.0,2024-06-28,298.51,maharera
Mumbai,Bandra,Apartment,2,1301.0,40326.0,2024-04-11,524.64,maharera
Mumbai,Goregaon,Apartment,3,851.0,50703.0,2024-05-30,431.48,maharera
Mumbai,Malad,Row House,3,765.0,20402.0,2024-12-08,156.08,maharera
Mumbai,Goregaon,Apartment,3,772.0,35591.0,2024-11-23,274.76,maharera
Mumbai,Bandra,Apartment,3,469.0,26722.0,2024-11-28,125.33,maharera
Mumbai,Juhu,Apartment,1,1141.0,36267.0,2025-03-29,413.81,maharera
Mumbai,Worli,Apartment,3,451.0,18236.0,2025-02-14,82.24,maharera
Mumbai,Goregaon,Villa,2,631.0,19898.0,2024-04-30,125.56,maharera
Mumbai,Juhu,Apartment,3,377.0,23793.0,2024-06-29,89.7,maharera
Mumbai,Worli,Row House,5,974.0,30632.0,2024-10-13,298.36,maharera
Mumbai,Worli,Apartment,2,955.0,24871.0,2024-10-05,237.52,maharera
Mumbai,Bandra,Apartment,4,902.0,35272.0,2024-09-26,318.15,maharera
Mumbai,Goregaon,Villa,2,687.0,38215.0,2024-07-31,262.54,maharera
Mumbai,Powai,Apartment,3,648.0,34797.0,2024-08-14,225.48,maharera
Mumbai,Andheri,Apartment,5,1139.0,42950.0,2025-01-13,489.2,maharera
Mumbai,Bandra,Apartment,2,835.0,33327.0,2025-01-03,278.28,maharera
Mumbai,Bandra,Apartment,1,1095.0,20265.0,2024-05-29,221.9,maharera
Mumbai,Powai,Plot,3,734.0,40907.0,2024-07-12,300.26,maharera
Mumbai,Andheri,Apartment,1,1054.0,25159.0,2024-12-07,265.18,maharera
Mumbai,Juhu,Apartment,3,1391.0,37283.0,2025-01-25,518.61,maharera
Mumbai,Malad,Apartment,4,1176.0,42590.0,2025-03-20,500.86,maharera
Mumbai,Goregaon,Apartment,3,876.0,33654.0,2024-07-27,294.81,maharera
Mumbai,Malad,Apartment,2,1077.0,18031.0,2024-12-05,194.19,maharera
Mumbai,Juhu,Apartment,3,928.0,22654.0,2025-03-27,210.23,maharera
Mumbai,Bandra,Apartment,3,1002.0,40582.0,2024-06-23,406.63,maharera
Mumbai,Andheri,Villa,1,902.0,28647.0,2024-05-25,258.4,maharera
Mumbai,Bandra,Apartment,3,951.0,30637.0,2024-05-15,291.36,maharera
Mumbai,Worli,Apartment,3,1064.0,36071.0,2024-07-07,383.8,maharera
Mumbai,Bandra,Plot,3,702.0,35571.0,2024-06-04,249.71,maharera
Mumbai,Bandra,Apartment,2,695.0,32230.0,2024-06-17,224.0,maharera
Mumbai,Juhu,Apartment,3,583.0,28331.0,2024-09-08,165.17,maharera
Mumbai,Juhu,Apartment,1,520.0,27499.0,2024-08-31,142.99,maharera
Mumbai,Juhu,Apartment,2,635.0,36863.0,2024-08-08,234.08,maharera
Mumbai,Malad,Apartment,4,1048.0,34429.0,2024-09-18,360.82,maharera
Mumbai,Worli,Row House,3,732.0,27942.0,2024-09-02,204.54,maharera
Mumbai,Juhu,Apartment,1,1154.0,38657.0,2024-09-13,446.1,maharera
Mumbai,Andheri,Apartment,2,1010.0,28968.0,2024-09-02,292.58,maharera
Mumbai,Malad,Villa,2,409.0,23187.0,2025-01-16,94.83,maharera
Mumbai,Powai,Apartment,2,1196.0,23928.0,2024-07-13,286.18,maharera
Mumbai,Andheri,Apartment,2,1243.0,22170.0,2025-03-02,275.57,maharera
Mumbai,Goregaon,Apartment,1,702.0,27821.0,2024-06-21,195.3,maharera
Mumbai,Goregaon,Row House,3,1126.0,39870.0,2025-03-19,448.94,maharera
Mumbai,Andheri,Apartment,3,743.0,23559.0,2024-10-23,175.04,maharera
Mumbai,Juhu,Apartment,3,1029.0,31508.0,2025-03-24,324.22,maharera
Mumbai,Powai,Apartment,3,621.0,24746.0,2024-09-16,153.67,maharera
Mumbai,Powai,Apartment,1,462.0,27918.0,2024-08-20,128.98,maharera
Mumbai,Malad,Apartment,5,885.0,17920.0,2024-04-25,158.59,maharera
Mumbai,Powai,Apartment,4,963.0,28236.0,2025-04-05,271.91,maharera
Mumbai,Goregaon,Villa,4,881.0,28450.0,2024-05-22,250.64,maharera
Mumbai,Worli,Apartment,4,645.0,34322.0,2024-09-01,221.38,maharera
Mumbai,Juhu,Apartment,4,880.0,31786.0,2025-03-03,279.72,maharera
Mumbai,Powai,Villa,3,1081.0,20413.0,2024-04-12,220.66,maharera
Mumbai,Malad,Plot,2,987.0,38674.0,2024-07-14,381.71,maharera
Mumbai,Goregaon,Apartment,3,1055.0,31682.0,2024-11-29,334.25,maharera
Mumbai,Worli,Apartment,3,799.0,31587.0,2024-09-06,252.38,maharera
Mumbai,Bandra,Apartment,3,1352.0,29927.0,2024-07-17,404.61,maharera
Mumbai,Bandra,Row House,3,647.0,25858.0,2024-05-29,167.3,maharera
Mumbai,Worli,Plot,1,1146.0,31742.0,2025-01-16,363.76,maharera
Mumbai,Goregaon,Apartment,2,1355.0,33805.0,2024-10-23,458.06,maharera
Mumbai,Malad,Villa,4,1144.0,16025.0,2024-07-28,183.33,maharera
Mumbai,Worli,Apartment,3,939.0,25690.0,2025-03-25,241.23,maharera
Mumbai,Juhu,Apartment,3,842.0,27960.0,2024-06-06,235.42,maharera
Mumbai,Juhu,Apartment,2,1311.0,32049.0,2024-09-06,420.16,maharera
Mumbai,Bandra,Villa,2,573.0,39546.0,2024-06-28,226.6,maharera
Mumbai,Powai,Apartment,4,709.0,23826.0,2024-12-15,168.93,maharera
Mumbai,Malad,Villa,3,881.0,26016.0,2024-09-07,229.2,maharera
Mumbai,Bandra,Villa,3,1371.0,25900.0,2024-08-10,355.09,maharera
Mumbai,Powai,Villa,3,1114.0,23588.0,2024-07-12,262.77,maharera
Mumbai,Powai,Apartment,3,710.0,27223.0,2024-06-12,193.28,maharera
Mumbai,Juhu,Apartment,2,907.0,36166.0,2024-05-24,328.03,maharera
Mumbai,Goregaon,Apartment,3,816.0,21569.0,2025-02-07,176.0,maharera
Mumbai,Andheri,Apartment,3,787.0,33423.0,2025-03-03,263.04,maharera
Mumbai,Goregaon,Apartment,3,1294.0,16385.0,2024-07-17,212.02,maharera
Mumbai,Andheri,Plot,3,588.0,25509.0,2025-03-02,149.99,maharera
Mumbai,Worli,Apartment,4,1483.0,27364.0,2024-07-09,405.81,maharera
Mumbai,Juhu,Apartment,1,1248.0,43399.0,2024-08-22,541.62,maharera
Mumbai,Powai,Apartment,4,1327.0,27802.0,2025-03-12,368.93,maharera
Mumbai,Malad,Apartment,2,861.0,12390.0,2024-08-15,106.68,maharera
Mumbai,Andheri,Apartment,3,955.0,14009.0,2025-02-06,133.79,maharera
Mumbai,Goregaon,Apartment,1,570.0,30272.0,2024-07-29,172.55,maharera
Mumbai,Powai,Plot,2,843.0,34910.0,2024-05-06,294.29,maharera
Mumbai,Andheri,Apartment,3,1148.0,33004.0,2025-01-10,378.89,maharera
Mumbai,Andheri,Row House,1,1389.0,31341.0,2024-07-29,435.33,maharera
Mumbai,Andheri,Plot,3,668.0,39298.0,2024-10-08,262.51,maharera
Mumbai,Malad,Apartment,4,890.0,25683.0,2024-09-11,228.58,maharera
Mumbai,Juhu,Plot,2,955.0,37159.0,2024-04-27,354.87,maharera
Mumbai,Malad,Apartment,3,581.0,16944.0,2024-11-08,98.44,maharera
Mumbai,Bandra,Villa,3,1177.0,22760.0,2025-01-25,267.89,maharera
Mumbai,Powai,Apartment,3,783.0,15544.0,2024-12-06,121.71,maharera
Mumbai,Juhu,Plot,2,941.0,27801.0,2024-07-27,261.61,maharera
Mumbai,Juhu,Plot,2,864.0,29630.0,2025-01-03,256.0,maharera
Mumbai,Juhu,Villa,2,763.0,30913.0,2024-07-24,235.87,maharera
Mumbai,Goregaon,Villa,1,998.0,30495.0,2024-07-26,304.34,maharera
Mumbai,Juhu,Apartment,2,935.0,22580.0,2024-04-19,211.12,maharera
Mumbai,Malad,Apartment,3,888.0,28478.0,2024-06-22,252.88,maharera
Mumbai,Juhu,Apartment,4,781.0,18020.0,2024-06-01,140.74,maharera
Mumbai,Worli,Apartment,4,1096.0,40906.0,2025-02-06,448.33,maharera
Mumbai,Powai,Apartment,3,1496.0,27571.0,2025-01-27,412.46,maharera
Mumbai,Juhu,Apartment,2,1042.0,26089.0,2025-01-10,271.85,maharera
Mumbai,Powai,Row House,2,1299.0,42712.0,2024-07-06,554.83,maharera
Mumbai,Worli,Apartment,2,583.0,20062.0,2024-08-22,116.96,maharera
Mumbai,Worli,Villa,2,1047.0,20995.0,2025-01-15,219.82,maharera
Mumbai,Powai,Apartment,3,671.0,21230.0,2024-12-13,142.45,maharera
Mumbai,Andheri,Plot,3,557.0,29457.0,2024-10-04,164.08,maharera
Mumbai,Bandra,Plot,2,778.0,33453.0,2024-06-30,260.26,maharera
Mumbai,Goregaon,Apartment,2,1358.0,35917.0,2024-05-19,487.75,maharera
Mumbai,Andheri,Apartment,4,1285.0,50576.0,2024-05-23,649.9,maharera
Mumbai,Andheri,Villa,3,1073.0,12005.0,2025-02-11,128.81,maharera
Mumbai,Malad,Apartment,2,540.0,34870.0,2024-09-21,188.3,maharera
Mumbai,Goregaon,Apartment,4,941.0,25543.0,2024-06-17,240.36,maharera
Mumbai,Goregaon,Apartment,5,1091.0,25309.0,2024-06-17,276.12,maharera
Mumbai,Andheri,Apartment,2,1053.0,25042.0,2024-06-19,263.69,maharera
Mumbai,Juhu,Apartment,2,447.0,22730.0,2024-10-08,101.6,maharera
Mumbai,Malad,Apartment,3,733.0,43476.0,2024-08-27,318.68,maharera
Mumbai,Malad,Apartment,4,981.0,36738.0,2024-07-06,360.4,maharera
Mumbai,Worli,Apartment,4,1161.0,30186.0,2024-08-05,350.46,maharera
Mumbai,Goregaon,Row House,2,341.0,40808.0,2024-11-03,139.16,maharera
Mumbai,Andheri,Apartment,2,951.0,17900.0,2024-06-06,170.23,maharera
Mumbai,Worli,Row House,3,1043.0,19354.0,2024-07-07,201.86,maharera
Mumbai,Powai,Apartment,3,1255.0,12576.0,2024-11-22,157.83,maharera
Mumbai,Bandra,Apartment,2,1208.0,24405.0,2024-05-28,294.81,maharera
Mumbai,Malad,Apartment,4,1175.0,31294.0,2025-03-29,367.7,maharera
Mumbai,Powai,Apartment,3,760.0,30823.0,2024-11-29,234.25,maharera
Mumbai,Powai,Apartment,4,428.0,31195.0,2025-02-09,133.51,maharera
Mumbai,Juhu,Apartment,4,882.0,18712.0,2024-12-01,165.04,maharera
Mumbai,Bandra,Apartment,3,1300.0,36425.0,2024-10-29,473.52,maharera
Mumbai,Powai,Apartment,3,1418.0,31917.0,2025-02-06,452.58,maharera
Mumbai,Powai,Apartment,3,1213.0,35864.0,2025-02-07,435.03,maharera
Mumbai,Bandra,Apartment,2,1129.0,14858.0,2024-11-17,167.75,maharera
Mumbai,Bandra,Apartment,3,1114.0,32492.0,2024-10-12,361.96,maharera
Mumbai,Powai,Villa,2,833.0,20498.0,2024-12-19,170.75,maharera
Mumbai,Bandra,Apartment,3,961.0,26821.0,2024-09-07,257.75,maharera
Mumbai,Powai,Apartment,2,1501.0,34275.0,2025-01-22,514.47,maharera
Mumbai,Powai,Row House,2,717.0,30729.0,2024-10-21,220.33,maharera
Mumbai,Juhu,Apartment,2,1484.0,23188.0,2024-04-14,344.11,maharera
Mumbai,Andheri,Apartment,1,903.0,30050.0,2024-06-06,271.35,maharera
Mumbai,Powai,Row House,3,1398.0,17748.0,2024-08-16,248.12,maharera
Mumbai,Worli,Apartment,3,578.0,39202.0,2024-05-14,226.59,maharera
Mumbai,Malad,Apartment,3,1176.0,28358.0,2024-10-06,333.49,maharera
Mumbai,Goregaon,Apartment,2,779.0,38948.0,2024-12-05,303.4,maharera
Mumbai,Andheri,Apartment,1,575.0,25788.0,2024-05-07,148.28,maharera
Mumbai,Andheri,Apartment,1,1066.0,25811.0,2024-09-15,275.15,maharera
Mumbai,Andheri,Apartment,2,1303.0,23887.0,2025-03-08,311.25,maharera
Mumbai,Juhu,Apartment,4,747.0,37009.0,2024-09-16,276.46,maharera
Mumbai,Powai,Apartment,2,550.0,24325.0,2025-01-03,133.79,maharera
Mumbai,Juhu,Row House,2,972.0,35157.0,2024-05-12,341.73,maharera
Mumbai,Powai,Villa,2,974.0,26940.0,2024-04-15,262.4,maharera
Mumbai,Juhu,Apartment,2,1164.0,14192.0,2024-10-12,165.19,maharera
Mumbai,Juhu,Apartment,3,1285.0,25437.0,2024-05-11,326.87,maharera
Mumbai,Malad,Apartment,3,982.0,20567.0,2024-09-07,201.97,maharera
Mumbai,Worli,Apartment,2,1557.0,30271.0,2024-10-04,471.32,maharera
Mumbai,Juhu,Apartment,1,1067.0,20477.0,2025-01-01,218.49,maharera
Mumbai,Malad,Apartment,2,896.0,37408.0,2024-07-07,335.18,maharera
Mumbai,Bandra,Plot,2,517.0,29271.0,2024-11-20,151.33,maharera
Mumbai,Worli,Apartment,2,921.0,28579.0,2024-08-12,263.21,maharera
Mumbai,Juhu,Apartment,5,899.0,35247.0,2024-04-18,316.87,maharera
Mumbai,Goregaon,Apartment,3,1288.0,37711.0,2024-07-15,485.72,maharera
Mumbai,Andheri,Apartment,3,1139.0,29839.0,2024-11-22,339.87,maharera
Mumbai,Bandra,Villa,3,646.0,23830.0,2024-11-13,153.94,maharera
Mumbai,Bandra,Villa,3,1052.0,15808.0,2025-03-18,166.3,maharera
Mumbai,Malad,Villa,3,1201.0,24512.0,2024-08-18,294.39,maharera
Mumbai,Bandra,Apartment,3,1458.0,25062.0,2024-11-23,365.4,maharera
Mumbai,Worli,Apartment,3,1266.0,30856.0,2024-12-13,390.64,maharera
Mumbai,Juhu,Apartment,2,1228.0,27239.0,2024-11-18,334.49,maharera
Mumbai,Juhu,Apartment,3,1018.0,35503.0,2024-12-02,361.42,maharera
Mumbai,Goregaon,Apartment,3,1116.0,25096.0,2024-09-14,280.07,maharera
Mumbai,Andheri,Villa,4,1375.0,29544.0,2025-02-04,406.23,maharera
Mumbai,Malad,Apartment,3,600.0,39472.0,2024-07-30,236.83,maharera
Mumbai,Andheri,Apartment,3,895.0,32735.0,2024-06-12,292.98,maharera
Mumbai,Bandra,Apartment,2,768.0,29520.0,2025-03-24,226.71,maharera
Mumbai,Goregaon,Apartment,3,1114.0,25184.0,2024-07-25,280.55,maharera
Mumbai,Andheri,Apartment,2,1369.0,24934.0,2025-01-11,341.35,maharera
Mumbai,Worli,Row House,2,821.0,23195.0,2025-03-17,190.43,maharera
Mumbai,Juhu,Villa,2,283.0,25672.0,2025-02-15,72.65,maharera
Mumbai,Bandra,Row House,3,876.0,36045.0,2024-10-24,315.75,maharera
Mumbai,Goregaon,Apartment,2,1274.0,28225.0,2025-01-04,359.59,maharera
Mumbai,Andheri,Apartment,2,1161.0,19202.0,2025-01-08,222.94,maharera
Mumbai,Malad,Apartment,4,1128.0,44145.0,2025-01-27,497.96,maharera
Mumbai,Worli,Apartment,2,916.0,32560.0,2025-02-28,298.25,maharera
Mumbai,Worli,Villa,3,616.0,18744.0,2024-07-27,115.46,maharera
Mumbai,Andheri,Apartment,3,1155.0,26465.0,2024-07-28,305.67,maharera
Mumbai,Juhu,Apartment,1,750.0,30887.0,2024-11-17,231.65,maharera
Mumbai,Andheri,Apartment,3,1655.0,43637.0,2024-04-16,722.19,maharera
Mumbai,Bandra,Apartment,1,1171.0,21135.0,2024-10-20,247.49,maharera
Mumbai,Andheri,Villa,3,826.0,37808.0,2025-02-11,312.29,maharera
Mumbai,Worli,Apartment,3,817.0,41196.0,2024-10-10,336.57,maharera
Mumbai,Goregaon,Apartment,3,972.0,24971.0,2024-06-13,242.72,maharera
Mumbai,Andheri,Apartment,3,928.0,27780.0,2024-06-09,257.8,maharera
Mumbai,Juhu,Apartment,2,1335.0,21710.0,2024-04-12,289.83,maharera
Mumbai,Goregaon,Villa,1,1056.0,28372.0,2024-12-21,299.61,maharera
Mumbai,Malad,Plot,3,781.0,29707.0,2024-11-20,232.01,maharera
Mumbai,Powai,Row House,3,1567.0,35277.0,2024-09-28,552.79,maharera
Mumbai,Andheri,Villa,4,1015.0,38721.0,2024-11-29,393.02,maharera
Mumbai,Juhu,Apartment,4,1231.0,24015.0,2024-04-29,295.62,maharera
Mumbai,Goregaon,Apartment,4,818.0,14261.0,2025-02-18,116.65,maharera
Mumbai,Juhu,Apartment,3,1109.0,29830.0,2025-04-01,330.81,maharera
Mumbai,Malad,Apartment,2,1093.0,32348.0,2024-07-23,353.56,maharera
Mumbai,Worli,Villa,3,433.0,31995.0,2024-06-10,138.54,maharera
Mumbai,Juhu,Apartment,3,1605.0,27387.0,2024-11-07,439.56,maharera
Mumbai,Goregaon,Plot,2,1387.0,30998.0,2024-06-16,429.94,maharera
Mumbai,Juhu,Apartment,4,881.0,42124.0,2024-08-06,371.11,maharera
Mumbai,Juhu,Apartment,4,669.0,33054.0,2024-07-05,221.13,maharera
Mumbai,Juhu,Apartment,3,1104.0,27013.0,2024-09-10,298.22,maharera
Mumbai,Bandra,Plot,1,1026.0,25998.0,2024-12-12,266.74,maharera
Mumbai,Bandra,Apartment,2,1107.0,28641.0,2024-09-23,317.06,maharera
Mumbai,Worli,Apartment,4,1057.0,43094.0,2024-04-28,455.5,maharera
Mumbai,Andheri,Apartment,4,1152.0,28534.0,2024-10-18,328.71,maharera
Mumbai,Juhu,Apartment,2,1434.0,29842.0,2025-01-14,427.93,maharera
Mumbai,Malad,Apartment,1,1170.0,26141.0,2024-11-03,305.85,maharera
Mumbai,Andheri,Villa,4,685.0,38792.0,2024-11-16,265.73,maharera
Mumbai,Malad,Apartment,2,1409.0,45679.0,2024-05-27,643.62,maharera
Mumbai,Andheri,Apartment,3,1492.0,33605.0,2024-11-11,501.39,maharera
Mumbai,Worli,Apartment,5,1946.0,30662.0,2024-05-18,596.68,maharera
Mumbai,Juhu,Apartment,1,663.0,30294.0,2024-12-05,200.85,maharera
Mumbai,Juhu,Villa,3,1073.0,10926.0,2024-07-28,117.24,maharera
Mumbai,Powai,Apartment,1,375.0,35961.0,2024-04-28,134.85,maharera
Mumbai,Malad,Apartment,2,1166.0,31073.0,2024-05-30,362.31,maharera
Mumbai,Andheri,Apartment,4,836.0,33427.0,2025-01-07,279.45,maharera
Mumbai,Andheri,Row House,3,1577.0,24308.0,2025-02-07,383.34,maharera
Mumbai,Bandra,Villa,5,768.0,26924.0,2025-02-02,206.78,maharera
Mumbai,Powai,Apartment,3,493.0,26712.0,2024-04-24,131.69,maharera
Mumbai,Goregaon,Apartment,2,859.0,38173.0,2024-06-02,327.91,maharera
Mumbai,Goregaon,Apartment,2,407.0,26970.0,2024-06-30,109.77,maharera
Mumbai,Bandra,Villa,2,1225.0,46661.0,2025-01-24,571.6,maharera
Mumbai,Bandra,Apartment,2,380.0,33447.0,2025-03-28,127.1,maharera
Mumbai,Bandra,Apartment,1,1009.0,19795.0,2025-01-02,199.73,maharera
Mumbai,Malad,Apartment,2,377.0,28972.0,2024-05-02,109.22,maharera
Mumbai,Malad,Apartment,3,904.0,24787.0,2024-05-05,224.07,maharera
Mumbai,Worli,Apartment,3,1493.0,12445.0,2024-11-05,185.8,maharera
Mumbai,Worli,Villa,3,1108.0,42796.0,2024-04-15,474.18,maharera
Mumbai,Bandra,Apartment,3,741.0,35625.0,2025-02-25,263.98,maharera
Mumbai,Powai,Apartment,1,991.0,34266.0,2024-04-12,339.58,maharera
Mumbai,Andheri,Apartment,2,1005.0,31323.0,2025-02-03,314.8,maharera
Mumbai,Malad,Row House,3,1142.0,18944.0,2024-07-26,216.34,maharera
Mumbai,Powai,Apartment,3,590.0,26131.0,2025-01-27,154.17,maharera
Mumbai,Juhu,Villa,1,1178.0,36734.0,2024-08-04,432.73,maharera
Mumbai,Malad,Apartment,4,189.0,21590.0,2024-10-18,40.81,maharera
Mumbai,Malad,Apartment,3,811.0,9746.0,2024-10-10,79.04,maharera
Mumbai,Worli,Apartment,3,854.0,28183.0,2024-09-29,240.68,maharera
Mumbai,Andheri,Apartment,1,1190.0,28866.0,2024-07-20,343.51,maharera
Mumbai,Andheri,Apartment,3,1007.0,31085.0,2025-01-24,313.03,maharera
Mumbai,Goregaon,Villa,3,578.0,35828.0,2025-03-20,207.09,maharera
Mumbai,Goregaon,Apartment,3,705.0,35101.0,2024-04-30,247.46,maharera
Mumbai,Goregaon,Apartment,3,1060.0,32070.0,2025-02-08,339.94,maharera
Mumbai,Goregaon,Apartment,4,976.0,39564.0,2024-08-31,386.14,maharera
Mumbai,Juhu,Row House,3,826.0,17848.0,2024-12-20,147.42,maharera
Mumbai,Juhu,Villa,2,856.0,34037.0,2024-06-06,291.36,maharera
Mumbai,Malad,Apartment,3,1209.0,35012.0,2024-10-15,423.3,maharera
Mumbai,Bandra,Row House,3,845.0,20084.0,2024-08-30,169.71,maharera
Mumbai,Worli,Apartment,3,974.0,17977.0,2024-08-02,175.1,maharera
Mumbai,Worli,Apartment,2,1651.0,24032.0,2024-08-31,396.77,maharera
Mumbai,Goregaon,Villa,2,573.0,24708.0,2025-03-06,141.58,maharera
Mumbai,Malad,Villa,4,444.0,36027.0,2025-02-18,159.96,maharera
Mumbai,Powai,Apartment,3,1235.0,25084.0,2024-11-23,309.79,maharera
Mumbai,Bandra,Apartment,4,796.0,23149.0,2024-12-19,184.27,maharera
Mumbai,Malad,Apartment,3,905.0,25107.0,2025-01-24,227.22,maharera
Mumbai,Bandra,Plot,3,766.0,38949.0,2024-05-14,298.35,maharera
Mumbai,Bandra,Apartment,3,922.0,30104.0,2024-12-19,277.56,maharera
Mumbai,Bandra,Apartment,4,1480.0,28566.0,2024-06-01,422.78,maharera
Mumbai,Malad,Apartment,3,1241.0,29120.0,2024-07-08,361.38,maharera
Mumbai,Goregaon,Apartment,3,1259.0,40336.0,2024-10-17,507.83,maharera
Mumbai,Worli,Apartment,2,575.0,24007.0,2024-12-11,138.04,maharera
Mumbai,Worli,Plot,3,655.0,40524.0,2024-05-12,265.43,maharera
Mumbai,Goregaon,Apartment,3,148.0,31684.0,2025-01-22,46.89,maharera
Mumbai,Bandra,Apartment,2,757.0,28717.0,2024-07-24,217.39,maharera
Mumbai,Powai,Apartment,2,1287.0,50007.0,2025-01-15,643.59,maharera
Mumbai,Andheri,Plot,2,1155.0,21555.0,2024-07-12,248.96,maharera
Mumbai,Malad,Apartment,2,934.0,27171.0,2024-11-29,253.78,maharera
Mumbai,Andheri,Apartment,2,993.0,20141.0,2024-05-15,200.0,maharera
Mumbai,Goregaon,Villa,3,793.0,37620.0,2024-08-14,298.33,maharera
Mumbai,Powai,Plot,4,1061.0,43514.0,2025-02-24,461.68,maharera
Mumbai,Malad,Villa,3,1230.0,43359.0,2024-10-07,533.32,maharera
Mumbai,Goregaon,Plot,2,515.0,39792.0,2024-10-31,204.93,maharera
Mumbai,Bandra,Apartment,1,1090.0,28419.0,2025-02-06,309.77,maharera
Mumbai,Worli,Villa,3,1280.0,27078.0,2024-04-26,346.6,maharera
Mumbai,Andheri,Apartment,2,875.0,16631.0,2024-07-31,145.52,maharera
Mumbai,Juhu,Villa,4,1210.0,46287.0,2024-09-26,560.07,maharera
Mumbai,Juhu,Villa,3,1844.0,33752.0,2025-03-13,622.39,maharera
Mumbai,Powai,Villa,3,969.0,26064.0,2025-01-16,252.56,maharera
Mumbai,Bandra,Apartment,2,1118.0,40624.0,2024-11-23,454.18,maharera
Mumbai,Andheri,Apartment,3,779.0,22218.0,2024-09-05,173.08,maharera
Mumbai,Bandra,Apartment,2,1054.0,33253.0,2024-04-23,350.49,maharera
Mumbai,Andheri,Row House,4,1138.0,28619.0,2024-10-22,325.68,maharera
Mumbai,Powai,Plot,3,1058.0,35109.0,2024-04-23,371.45,maharera
Mumbai,Powai,Apartment,2,694.0,29491.0,2024-05-04,204.67,maharera
Mumbai,Juhu,Apartment,2,1062.0,18393.0,2025-01-25,195.33,maharera
Mumbai,Bandra,Apartment,2,1439.0,30605.0,2024-09-04,440.41,maharera
Mumbai,Malad,Villa,3,1135.0,38391.0,2025-01-31,435.74,maharera
Mumbai,Juhu,Villa,2,1289.0,29766.0,2024-08-28,383.68,maharera
Mumbai,Bandra,Apartment,3,929.0,36201.0,2024-06-02,336.31,maharera
Mumbai,Juhu,Apartment,2,1225.0,21636.0,2024-06-24,265.04,maharera
Mumbai,Malad,Villa,3,1084.0,29790.0,2024-10-03,322.92,maharera
Mumbai,Worli,Villa,4,715.0,25004.0,2024-09-11,178.78,maharera
Mumbai,Worli,Apartment,3,1096.0,35976.0,2024-12-28,394.3,maharera
Mumbai,Worli,Apartment,3,702.0,30252.0,2024-08-07,212.37,maharera
Mumbai,Worli,Apartment,2,810.0,35521.0,2024-10-30,287.72,maharera
Mumbai,Goregaon,Apartment,1,1057.0,38702.0,2024-12-29,409.08,maharera
Mumbai,Andheri,Apartment,3,1089.0,35533.0,2025-02-23,386.95,maharera
Mumbai,Goregaon,Apartment,2,643.0,32185.0,2024-11-18,206.95,maharera
Mumbai,Goregaon,Plot,3,1316.0,22014.0,2024-06-27,289.7,maharera
Mumbai,Goregaon,Apartment,1,1172.0,29978.0,2024-08-22,351.34,maharera
Mumbai,Worli,Villa,2,789.0,25735.0,2025-01-24,203.05,maharera
Mumbai,Malad,Apartment,1,539.0,27247.0,2024-08-06,146.86,maharera
Mumbai,Powai,Apartment,4,957.0,27004.0,2025-03-19,258.43,maharera
Mumbai,Powai,Apartment,2,866.0,22161.0,2025-01-19,191.91,maharera
Mumbai,Andheri,Apartment,3,1034.0,14341.0,2025-02-20,148.29,maharera
Mumbai,Worli,Villa,1,891.0,24655.0,2024-04-28,219.68,maharera
Mumbai,Worli,Row House,3,398.0,31547.0,2024-11-17,125.56,maharera
Mumbai,Worli,Apartment,2,883.0,19215.0,2024-10-11,169.67,maharera
Mumbai,Juhu,Apartment,4,908.0,30125.0,2024-08-27,273.54,maharera
Mumbai,Bandra,Villa,4,1190.0,45202.0,2025-01-04,537.9,maharera
Mumbai,Juhu,Apartment,2,791.0,38184.0,2025-03-15,302.04,maharera
Mumbai,Bandra,Apartment,4,1504.0,43148.0,2024-10-16,648.95,maharera
Mumbai,Worli,Villa,5,427.0,33129.0,2025-01-04,141.46,maharera
Mumbai,Worli,Apartment,4,1393.0,39340.0,2024-09-26,548.01,maharera
Mumbai,Juhu,Apartment,4,933.0,24208.0,2025-01-19,225.86,maharera
Mumbai,Juhu,Apartment,2,1258.0,24845.0,2024-06-29,312.55,maharera
Mumbai,Bandra,Villa,3,1024.0,8087.0,2024-04-07,82.81,maharera
Mumbai,Powai,Apartment,1,1342.0,39489.0,2024-10-09,529.94,maharera
Mumbai,Bandra,Apartment,1,884.0,42323.0,2024-08-11,374.14,maharera
Mumbai,Juhu,Villa,5,670.0,25575.0,2024-11-22,171.35,maharera
Mumbai,Malad,Apartment,2,1426.0,27968.0,2024-06-30,398.82,maharera
Mumbai,Juhu,Villa,3,966.0,23969.0,2025-03-18,231.54,maharera
Mumbai,Malad,Apartment,4,1066.0,33061.0,2025-01-13,352.43,maharera
Mumbai,Andheri,Row House,4,1370.0,38999.0,2024-08-21,534.29,maharera
Mumbai,Juhu,Apartment,5,690.0,16058.0,2024-07-15,110.8,maharera
Mumbai,Andheri,Apartment,2,1179.0,33276.0,2024-12-15,392.32,maharera
Mumbai,Powai,Apartment,1,823.0,27787.0,2024-07-29,228.69,maharera
Mumbai,Bandra,Apartment,3,960.0,30907.0,2024-10-24,296.71,maharera
Mumbai,Malad,Plot,2,1022.0,33672.0,2024-04-13,344.13,maharera
Mumbai,Bandra,Row House,1,550.0,28494.0,2024-10-20,156.72,maharera
Mumbai,Andheri,Apartment,2,766.0,29171.0,2024-08-28,223.45,maharera
Mumbai,Malad,Apartment,3,1405.0,28289.0,2024-06-06,397.46,maharera
Mumbai,Bandra,Villa,3,1266.0,37763.0,2024-09-27,478.08,maharera
Mumbai,Juhu,Plot,2,981.0,33350.0,2024-05-16,327.16,maharera
Mumbai,Worli,Apartment,3,1073.0,31765.0,2024-10-18,340.84,maharera
Mumbai,Andheri,Apartment,2,912.0,19832.0,2025-02-20,180.87,maharera
Mumbai,Bandra,Apartment,1,1407.0,26971.0,2025-03-23,379.48,maharera
Mumbai,Andheri,Apartment,3,940.0,37189.0,2024-08-18,349.58,maharera
Mumbai,Goregaon,Apartment,3,1070.0,30302.0,2024-10-31,324.23,maharera
Mumbai,Andheri,Apartment,3,1344.0,35276.0,2024-11-23,474.11,maharera
Mumbai,Malad,Apartment,1,767.0,44132.0,2025-02-28,338.49,maharera
Mumbai,Goregaon,Villa,4,1468.0,38309.0,2025-02-12,562.38,maharera
Mumbai,Malad,Apartment,3,541.0,30745.0,2025-03-19,166.33,maharera
Mumbai,Worli,Apartment,3,1489.0,25912.0,2025-02-27,385.83,maharera
Mumbai,Goregaon,Apartment,3,888.0,9572.0,2024-10-01,85.0,maharera
Mumbai,Juhu,Apartment,4,927.0,28653.0,2024-09-22,265.61,maharera
Mumbai,Andheri,Apartment,3,433.0,27392.0,2024-08-06,118.61,maharera
Mumbai,Bandra,Apartment,3,864.0,33123.0,2024-06-10,286.18,maharera
Mumbai,Powai,Apartment,5,688.0,28769.0,2024-06-07,197.93,maharera
Mumbai,Andheri,Apartment,3,818.0,27437.0,2025-03-02,224.43,maharera
Mumbai,Andheri,Apartment,3,959.0,15765.0,2024-09-03,151.19,maharera
Mumbai,Worli,Apartment,3,1287.0,22480.0,2024-08-30,289.32,maharera
Mumbai,Juhu,Villa,2,1062.0,33813.0,2024-05-25,359.09,maharera
Mumbai,Powai,Apartment,2,1092.0,43727.0,2025-01-06,477.5,maharera
Mumbai,Goregaon,Villa,3,671.0,29220.0,2024-06-02,196.07,maharera
Mumbai,Goregaon,Apartment,4,736.0,32622.0,2024-07-28,240.1,maharera
Mumbai,Goregaon,Apartment,4,1540.0,37620.0,2025-03-29,579.35,maharera
Mumbai,Malad,Apartment,2,779.0,23513.0,2024-07-24,183.17,maharera
Mumbai,Malad,Apartment,3,1497.0,32935.0,2024-04-08,493.04,maharera
Mumbai,Bandra,Villa,2,927.0,24076.0,2024-09-10,223.18,maharera
Mumbai,Powai,Villa,5,1001.0,36919.0,2024-11-26,369.56,maharera
Mumbai,Goregaon,Villa,5,1321.0,31211.0,2024-08-25,412.3,maharera
Mumbai,Malad,Apartment,3,1382.0,32388.0,2024-09-21,447.6,maharera
Mumbai,Bandra,Apartment,4,967.0,23739.0,2024-11-15,229.56,maharera
Mumbai,Juhu,Apartment,3,884.0,35656.0,2024-07-28,315.2,maharera
Mumbai,Bandra,Apartment,3,983.0,46678.0,2024-12-31,458.84,maharera
Mumbai,Malad,Apartment,1,1101.0,21937.0,2025-03-11,241.53,maharera
Mumbai,Worli,Apartment,3,1267.0,27282.0,2024-12-16,345.66,maharera
Mumbai,Worli,Apartment,3,1001.0,31853.0,2024-12-04,318.85,maharera
Mumbai,Goregaon,Apartment,3,1186.0,36291.0,2024-10-02,430.41,maharera
Mumbai,Worli,Villa,2,1492.0,25524.0,2024-10-20,380.82,maharera
Mumbai,Goregaon,Row House,4,1114.0,7336.0,2025-02-14,81.72,maharera
Mumbai,Goregaon,Plot,2,1093.0,40874.0,2025-04-01,446.75,maharera
Mumbai,Malad,Apartment,3,544.0,36084.0,2025-01-19,196.3,maharera
Mumbai,Worli,Apartment,3,211.0,16056.0,2024-10-28,33.88,maharera
Mumbai,Goregaon,Apartment,3,1117.0,25139.0,2024-09-10,280.8,maharera
Mumbai,Powai,Villa,3,972.0,42545.0,2024-07-23,413.54,maharera
Mumbai,Juhu,Apartment,2,846.0,41582.0,2024-09-13,351.78,maharera
Mumbai,Bandra,Apartment,2,1073.0,37509.0,2024-07-25,402.47,maharera
Mumbai,Bandra,Villa,3,982.0,28591.0,2025-03-26,280.76,maharera
Mumbai,Malad,Apartment,3,1338.0,30664.0,2025-03-29,410.28,maharera
Mumbai,Worli,Apartment,2,1026.0,28953.0,2025-03-05,297.06,maharera
Mumbai,Worli,Apartment,3,776.0,39026.0,2025-03-09,302.84,maharera
Mumbai,Goregaon,Apartment,3,1297.0,22993.0,2024-09-12,298.22,maharera
Mumbai,Andheri,Apartment,3,935.0,23554.0,2024-08-21,220.23,maharera
Mumbai,Goregaon,Apartment,4,1158.0,38082.0,2024-11-29,440.99,maharera
Mumbai,Juhu,Apartment,2,857.0,29645.0,2024-07-25,254.06,maharera
Mumbai,Powai,Apartment,1,805.0,41028.0,2024-09-06,330.28,maharera
Mumbai,Bandra,Villa,3,1025.0,24628.0,2024-08-10,252.44,maharera
Mumbai,Goregaon,Apartment,3,1004.0,29562.0,2024-09-11,296.8,maharera
Mumbai,Andheri,Apartment,3,1144.0,22621.0,2024-05-23,258.78,maharera
Mumbai,Andheri,Apartment,4,919.0,30059.0,2024-06-27,276.24,maharera
Mumbai,Goregaon,Plot,4,449.0,18172.0,2024-08-04,81.59,maharera
Mumbai,Malad,Apartment,5,870.0,26099.0,2025-02-20,227.06,maharera
Mumbai,Bandra,Apartment,3,1238.0,18510.0,2024-12-22,229.15,maharera
Mumbai,Malad,Plot,3,911.0,35551.0,2024-04-23,323.87,maharera
Mumbai,Powai,Villa,3,926.0,35733.0,2024-06-29,330.89,maharera
Mumbai,Andheri,Apartment,2,1296.0,16158.0,2024-08-15,209.41,maharera
Mumbai,Andheri,Villa,3,786.0,40671.0,2024-09-29,319.67,maharera
Mumbai,Juhu,Apartment,2,537.0,49979.0,2025-02-21,268.39,maharera
Mumbai,Powai,Apartment,4,952.0,30368.0,2024-08-24,289.1,maharera
Mumbai,Andheri,Apartment,3,855.0,24871.0,2024-11-15,212.65,maharera
Mumbai,Powai,Apartment,3,710.0,52595.0,2024-11-21,373.42,maharera
Mumbai,Bandra,Villa,2,947.0,19448.0,2024-10-12,184.17,maharera
Mumbai,Worli,Apartment,1,1147.0,30161.0,2024-11-15,345.95,maharera
Mumbai,Andheri,Apartment,1,997.0,31437.0,2025-01-16,313.43,maharera
Mumbai,Juhu,Villa,3,1092.0,40761.0,2025-01-14,445.11,maharera
Mumbai,Bandra,Villa,1,1544.0,32878.0,2024-11-22,507.64,maharera
Mumbai,Goregaon,Apartment,3,897.0,26011.0,2024-09-11,233.32,maharera
Mumbai,Powai,Apartment,4,1084.0,22391.0,2024-04-27,242.72,maharera
Mumbai,Goregaon,Apartment,4,847.0,27265.0,2024-10-11,230.93,maharera
Mumbai,Malad,Villa,3,746.0,21945.0,2024-08-06,163.71,maharera
Mumbai,Bandra,Apartment,2,825.0,30383.0,2025-02-10,250.66,maharera
Mumbai,Goregaon,Row House,4,856.0,25486.0,2024-11-16,218.16,maharera
Mumbai,Andheri,Apartment,4,1108.0,18048.0,2025-02-09,199.97,maharera
Mumbai,Powai,Apartment,2,1705.0,40041.0,2025-03-22,682.7,maharera
Mumbai,Worli,Apartment,3,785.0,26019.0,2024-10-03,204.25,maharera
Mumbai,Bandra,Apartment,2,875.0,19855.0,2024-05-27,173.73,maharera
Mumbai,Andheri,Apartment,4,981.0,28654.0,2025-01-08,281.1,maharera
Mumbai,Juhu,Plot,5,1119.0,30547.0,2024-12-30,341.82,maharera
Mumbai,Malad,Apartment,1,1079.0,16028.0,2024-11-13,172.94,maharera
Mumbai,Powai,Apartment,4,1385.0,32653.0,2025-03-29,452.24,maharera
Mumbai,Bandra,Villa,3,272.0,21623.0,2024-09-03,58.81,maharera
Mumbai,Bandra,Apartment,5,284.0,43688.0,2024-10-15,124.07,maharera
Mumbai,Worli,Villa,3,851.0,34192.0,2024-08-26,290.97,maharera
Mumbai,Worli,Apartment,4,1329.0,26801.0,2025-02-25,356.19,maharera
Mumbai,Juhu,Apartment,1,530.0,24039.0,2024-10-06,127.41,maharera
Mumbai,Malad,Apartment,2,98.0,29160.0,2024-07-10,28.58,maharera
Mumbai,Juhu,Apartment,1,1171.0,34902.0,2024-10-01,408.7,maharera
Mumbai,Andheri,Plot,5,1073.0,29796.0,2024-08-04,319.71,maharera
Mumbai,Andheri,Apartment,4,673.0,28263.0,2024-06-01,190.21,maharera
Mumbai,Juhu,Apartment,4,704.0,30467.0,2024-08-18,214.49,maharera
Mumbai,Malad,Apartment,4,709.0,25169.0,2024-11-02,178.45,maharera
Mumbai,Juhu,Apartment,1,1033.0,27254.0,2024-10-13,281.53,maharera
Mumbai,Malad,Plot,2,812.0,13314.0,2024-05-05,108.11,maharera
Mumbai,Malad,Apartment,1,1148.0,37790.0,2024-12-12,433.83,maharera
Mumbai,Goregaon,Apartment,2,144.0,32390.0,2024-05-30,46.64,maharera
Mumbai,Powai,Row House,2,743.0,23812.0,2024-06-10,176.92,maharera
Mumbai,Malad,Apartment,3,662.0,45190.0,2025-03-19,299.16,maharera
Mumbai,Worli,Plot,2,923.0,30696.0,2024-07-08,283.32,maharera
Mumbai,Malad,Apartment,2,839.0,21711.0,2025-03-25,182.16,maharera
Mumbai,Malad,Apartment,2,1239.0,36854.0,2024-06-09,456.62,maharera
Mumbai,Malad,Apartment,2,442.0,33184.0,2024-09-26,146.67,maharera
Mumbai,Goregaon,Villa,5,1014.0,33157.0,2024-08-17,336.21,maharera
Mumbai,Goregaon,Row House,3,1168.0,26594.0,2025-01-03,310.62,maharera
Mumbai,Andheri,Apartment,5,1557.0,33604.0,2024-08-31,523.21,maharera
Mumbai,Goregaon,Apartment,3,855.0,27906.0,2024-07-02,238.6,maharera
Mumbai,Worli,Apartment,2,1097.0,34448.0,2024-04-18,377.89,maharera
Mumbai,Worli,Apartment,3,459.0,14760.0,2024-06-07,67.75,maharera
Mumbai,Goregaon,Apartment,2,282.0,26529.0,2025-03-08,74.81,maharera
Mumbai,Juhu,Row House,2,1253.0,43777.0,2024-06-09,548.53,maharera
Mumbai,Powai,Apartment,2,998.0,23863.0,2025-01-19,238.15,maharera
Mumbai,Goregaon,Apartment,2,1354.0,25169.0,2025-03-28,340.79,maharera
Mumbai,Malad,Apartment,2,588.0,26416.0,2025-03-13,155.33,maharera
Mumbai,Bandra,Apartment,2,1156.0,20282.0,2025-03-22,234.46,maharera
Mumbai,Powai,Apartment,3,1561.0,12334.0,2024-10-24,192.53,maharera
Mumbai,Powai,Apartment,1,1126.0,28155.0,2025-03-24,317.03,maharera
Mumbai,Worli,Plot,2,1083.0,31087.0,2024-04-24,336.67,maharera
Mumbai,Powai,Apartment,4,1003.0,29580.0,2024-10-16,296.69,maharera
Mumbai,Goregaon,Apartment,2,529.0,28841.0,2024-04-14,152.57,maharera
Mumbai,Malad,Apartment,2,1407.0,30344.0,2024-05-14,426.94,maharera
Mumbai,Malad,Plot,4,817.0,38183.0,2024-09-18,311.96,maharera
Mumbai,Andheri,Villa,2,1151.0,28476.0,2025-01-20,327.76,maharera
Mumbai,Malad,Apartment,1,531.0,25407.0,2024-10-24,134.91,maharera
Mumbai,Malad,Villa,3,646.0,27751.0,2025-02-04,179.27,maharera
Mumbai,Worli,Apartment,2,1431.0,34635.0,2024-08-04,495.63,maharera
Mumbai,Malad,Apartment,3,896.0,41296.0,2024-11-02,370.01,maharera
Mumbai,Andheri,Apartment,4,1436.0,24975.0,2024-07-23,358.64,maharera
Mumbai,Bandra,Apartment,2,977.0,30791.0,2024-08-05,300.83,maharera
Mumbai,Goregaon,Apartment,3,447.0,32707.0,2024-10-26,146.2,maharera
Mumbai,Worli,Plot,3,1268.0,22059.0,2025-01-28,279.71,maharera
Mumbai,Bandra,Villa,2,823.0,30163.0,2024-04-27,248.24,maharera
Mumbai,Worli,Apartment,3,1210.0,18275.0,2024-07-03,221.13,maharera
Mumbai,Juhu,Apartment,2,1008.0,15848.0,2024-10-27,159.75,maharera
Mumbai,Powai,Apartment,3,537.0,32934.0,2024-07-21,176.86,maharera
Mumbai,Juhu,Apartment,1,1049.0,26929.0,2024-06-03,282.49,maharera
Mumbai,Malad,Apartment,3,1659.0,31618.0,2024-05-06,524.54,maharera
Mumbai,Bandra,Apartment,2,1148.0,29857.0,2025-01-01,342.76,maharera
Mumbai,Malad,Apartment,4,983.0,22189.0,2024-08-03,218.12,maharera
Mumbai,Powai,Villa,1,1323.0,29638.0,2024-08-28,392.11,maharera
Mumbai,Worli,Apartment,3,1063.0,20135.0,2024-12-04,214.04,maharera
Mumbai,Powai,Apartment,3,1063.0,41128.0,2024-10-01,437.19,maharera
Mumbai,Andheri,Villa,3,673.0,19152.0,2024-07-18,128.89,maharera
Mumbai,Powai,Apartment,3,1070.0,28434.0,2024-07-07,304.24,maharera
Mumbai,Andheri,Apartment,3,1311.0,21662.0,2025-02-05,283.99,maharera
Mumbai,Powai,Apartment,3,749.0,34563.0,2024-12-02,258.88,maharera
Mumbai,Goregaon,Apartment,4,1427.0,27349.0,2024-05-04,390.27,maharera
Mumbai,Andheri,Villa,2,972.0,25851.0,2024-04-30,251.27,maharera
Mumbai,Bandra,Apartment,3,734.0,36826.0,2025-02-14,270.3,maharera
Mumbai,Malad,Apartment,4,1299.0,30235.0,2024-10-10,392.75,maharera
Mumbai,Malad,Plot,5,914.0,34133.0,2024-11-18,311.98,maharera
Mumbai,Juhu,Plot,4,1228.0,22149.0,2024-05-14,271.99,maharera
Mumbai,Malad,Plot,2,912.0,18761.0,2024-10-18,171.1,maharera
Mumbai,Worli,Apartment,2,982.0,30858.0,2025-02-26,303.03,maharera
Mumbai,Goregaon,Apartment,3,1148.0,27449.0,2025-01-27,315.11,maharera
Mumbai,Powai,Row House,3,1087.0,35011.0,2024-08-13,380.57,maharera
Mumbai,Juhu,Villa,3,401.0,29361.0,2025-02-17,117.74,maharera
Mumbai,Worli,Apartment,3,664.0,31641.0,2025-02-08,210.1,maharera
Mumbai,Worli,Apartment,4,1279.0,17013.0,2024-07-03,217.6,maharera
Mumbai,Andheri,Apartment,2,960.0,45107.0,2024-05-03,433.03,maharera
Mumbai,Malad,Plot,4,843.0,28686.0,2024-12-28,241.82,maharera
Mumbai,Bandra,Apartment,3,592.0,35581.0,2025-03-22,210.64,maharera
Mumbai,Bandra,Apartment,2,676.0,23311.0,2024-05-16,157.58,maharera
Mumbai,Juhu,Apartment,3,393.0,32464.0,2024-10-09,127.58,maharera
Mumbai,Goregaon,Apartment,3,970.0,19577.0,2024-05-09,189.9,maharera
Mumbai,Bandra,Villa,2,820.0,33617.0,2025-02-03,275.66,maharera
Mumbai,Powai,Apartment,2,710.0,27152.0,2024-12-08,192.78,maharera
Mumbai,Bandra,Villa,5,980.0,30234.0,2025-02-28,296.29,maharera
Mumbai,Juhu,Row House,2,1109.0,35584.0,2024-11-23,394.63,maharera
Mumbai,Bandra,Apartment,3,1628.0,20140.0,2025-03-11,327.88,maharera
Mumbai,Powai,Apartment,3,546.0,24524.0,2025-03-29,133.9,maharera
Mumbai,Andheri,Apartment,3,1348.0,33659.0,2025-04-02,453.72,maharera
Mumbai,Goregaon,Villa,3,1292.0,46786.0,2025-03-16,604.48,maharera
Mumbai,Juhu,Apartment,2,766.0,28895.0,2024-11-08,221.34,maharera
Mumbai,Andheri,Apartment,3,1061.0,34729.0,2025-03-12,368.47,maharera
Mumbai,Andheri,Villa,2,863.0,29144.0,2024-11-14,251.51,maharera
Mumbai,Andheri,Apartment,3,1056.0,45538.0,2024-08-04,480.88,maharera
Mumbai,Worli,Plot,2,1453.0,16022.0,2025-02-22,232.8,maharera
Mumbai,Goregaon,Apartment,3,1182.0,30757.0,2024-06-17,363.55,maharera
Mumbai,Malad,Apartment,2,1153.0,16996.0,2024-10-03,195.96,maharera
Mumbai,Goregaon,Apartment,2,871.0,9947.0,2025-02-23,86.64,maharera
Mumbai,Worli,Villa,2,555.0,32380.0,2025-01-04,179.71,maharera
Mumbai,Malad,Apartment,2,937.0,31116.0,2024-05-24,291.56,maharera
Mumbai,Goregaon,Plot,4,1362.0,27721.0,2024-05-17,377.56,maharera
Mumbai,Andheri,Plot,2,542.0,29150.0,2025-02-12,157.99,maharera
Mumbai,Juhu,Apartment,4,683.0,54786.0,2025-01-12,374.19,maharera
Mumbai,Malad,Row House,5,1038.0,27935.0,2025-03-03,289.97,maharera
Mumbai,Powai,Apartment,3,705.0,34081.0,2025-01-20,240.27,maharera
Mumbai,Powai,Apartment,2,762.0,24805.0,2024-04-18,189.01,maharera
Mumbai,Bandra,Apartment,2,873.0,32362.0,2024-09-21,282.52,maharera
Mumbai,Malad,Plot,3,590.0,28094.0,2024-06-24,165.75,maharera
Mumbai,Juhu,Apartment,2,708.0,26716.0,2025-01-08,189.15,maharera
Mumbai,Worli,Apartment,1,1211.0,44551.0,2024-08-14,539.51,maharera
Mumbai,Andheri,Apartment,3,608.0,39417.0,2024-08-17,239.66,maharera
Mumbai,Bandra,Apartment,4,521.0,31094.0,2025-03-30,162.0,maharera
Mumbai,Powai,Apartment,3,811.0,11566.0,2024-06-18,93.8,maharera
Mumbai,Worli,Plot,2,1220.0,27112.0,2025-02-27,330.77,maharera
Mumbai,Worli,Villa,3,941.0,51624.0,2025-02-13,485.78,maharera
Mumbai,Andheri,Apartment,2,861.0,28155.0,2024-11-14,242.41,maharera
Mumbai,Malad,Row House,2,1013.0,38826.0,2024-08-28,393.31,maharera
Mumbai,Powai,Apartment,4,476.0,41536.0,2024-08-09,197.71,maharera
Mumbai,Juhu,Row House,2,1148.0,31752.0,2024-11-14,364.51,maharera
Mumbai,Worli,Apartment,2,1115.0,23265.0,2024-04-22,259.4,maharera
Mumbai,Andheri,Apartment,1,877.0,10518.0,2024-04-08,92.24,maharera
Mumbai,Juhu,Apartment,4,1302.0,35473.0,2025-02-16,461.86,maharera
Mumbai,Malad,Plot,3,662.0,23482.0,2024-07-03,155.45,maharera
Mumbai,Powai,Apartment,3,1338.0,31409.0,2024-07-09,420.25,maharera
Mumbai,Malad,Apartment,3,1046.0,20001.0,2025-03-23,209.21,maharera
Mumbai,Worli,Apartment,2,899.0,27878.0,2024-06-12,250.62,maharera
Mumbai,Juhu,Apartment,3,994.0,30270.0,2025-03-22,300.88,maharera
Mumbai,Juhu,Apartment,2,968.0,32149.0,2024-08-15,311.2,maharera
Mumbai,Juhu,Villa,1,1366.0,21081.0,2025-02-02,287.97,maharera
Mumbai,Worli,Plot,3,677.0,39575.0,2024-09-22,267.92,maharera
Mumbai,Worli,Apartment,4,771.0,25225.0,2025-03-10,194.48,maharera
Mumbai,Malad,Villa,1,1311.0,16604.0,2025-01-03,217.68,maharera
Mumbai,Bandra,Apartment,2,821.0,29128.0,2024-12-22,239.14,maharera
Mumbai,Malad,Plot,2,1270.0,30275.0,2024-06-01,384.49,maharera
Mumbai,Powai,Villa,2,1510.0,31285.0,2025-02-13,472.4,maharera
Mumbai,Andheri,Apartment,4,879.0,40897.0,2024-05-22,359.48,maharera
Mumbai,Juhu,Villa,3,1204.0,28108.0,2024-10-07,338.42,maharera
Mumbai,Bandra,Apartment,3,654.0,29043.0,2025-02-08,189.94,maharera
Mumbai,Andheri,Apartment,3,1226.0,21175.0,2024-12-07,259.61,maharera
Mumbai,Bandra,Villa,2,1060.0,36564.0,2024-06-02,387.58,maharera
Mumbai,Goregaon,Apartment,3,1142.0,31474.0,2024-04-08,359.43,maharera
Mumbai,Malad,Apartment,3,806.0,26640.0,2025-02-22,214.72,maharera
Mumbai,Worli,Apartment,3,502.0,14763.0,2024-11-22,74.11,maharera
Mumbai,Juhu,Villa,5,1151.0,41555.0,2024-07-20,478.3,maharera
Mumbai,Malad,Apartment,3,381.0,20179.0,2024-09-21,76.88,maharera
Mumbai,Andheri,Apartment,2,905.0,25270.0,2024-11-24,228.69,maharera
Mumbai,Goregaon,Villa,4,1282.0,32867.0,2024-07-25,421.35,maharera
Mumbai,Goregaon,Villa,2,1058.0,20428.0,2024-08-29,216.13,maharera
Mumbai,Goregaon,Apartment,1,1585.0,18052.0,2024-05-05,286.12,maharera
Mumbai,Andheri,Apartment,2,1308.0,13008.0,2025-02-24,170.14,maharera
Mumbai,Andheri,Apartment,2,804.0,35768.0,2024-07-25,287.57,maharera
Mumbai,Andheri,Apartment,3,1008.0,25639.0,2025-04-04,258.44,maharera
Mumbai,Andheri,Apartment,3,986.0,53418.0,2024-09-23,526.7,maharera
Mumbai,Goregaon,Villa,4,525.0,22045.0,2024-08-07,115.74,maharera
Mumbai,Goregaon,Apartment,3,718.0,22628.0,2024-11-08,162.47,maharera
Mumbai,Bandra,Apartment,3,832.0,25477.0,2024-09-20,211.97,maharera
Mumbai,Malad,Apartment,1,389.0,31945.0,2024-06-11,124.27,maharera
Mumbai,Juhu,Villa,1,1014.0,26238.0,2024-08-04,266.05,maharera
Mumbai,Worli,Apartment,3,925.0,34899.0,2024-05-03,322.82,maharera
Mumbai,Goregaon,Row House,3,498.0,22171.0,2024-12-19,110.41,maharera
Mumbai,Worli,Apartment,4,1121.0,18947.0,2024-09-06,212.4,maharera
Mumbai,Malad,Apartment,2,1215.0,15614.0,2024-11-01,189.71,maharera
Mumbai,Malad,Apartment,1,1068.0,12211.0,2025-03-11,130.41,maharera
Mumbai,Worli,Apartment,3,903.0,25855.0,2025-01-14,233.47,maharera
Mumbai,Goregaon,Apartment,2,1177.0,27592.0,2025-01-13,324.76,maharera
Mumbai,Worli,Apartment,1,1204.0,24949.0,2024-11-26,300.39,maharera
Mumbai,Bandra,Apartment,3,1092.0,39947.0,2024-05-12,436.22,maharera
Mumbai,Powai,Plot,2,753.0,39824.0,2024-12-27,299.87,maharera
Mumbai,Goregaon,Apartment,3,1083.0,27322.0,2024-07-24,295.9,maharera
Mumbai,Goregaon,Villa,2,1359.0,15649.0,2025-02-16,212.67,maharera
Mumbai,Juhu,Apartment,2,821.0,25466.0,2025-02-02,209.08,maharera
Mumbai,Andheri,Apartment,2,1629.0,25201.0,2024-05-30,410.52,maharera
Mumbai,Powai,Apartment,4,842.0,24743.0,2024-06-20,208.34,maharera
Mumbai,Malad,Apartment,2,1010.0,24418.0,2024-12-22,246.62,maharera
Mumbai,Goregaon,Apartment,3,798.0,24772.0,2024-12-22,197.68,maharera
Mumbai,Worli,Apartment,2,1067.0,26908.0,2024-05-16,287.11,maharera
Mumbai,Powai,Apartment,3,477.0,24916.0,2025-03-22,118.85,maharera
Mumbai,Juhu,Apartment,2,836.0,31667.0,2024-10-13,264.74,maharera
Mumbai,Malad,Apartment,3,672.0,32883.0,2024-07-21,220.97,maharera
Mumbai,Andheri,Plot,3,1041.0,22715.0,2024-09-07,236.46,maharera
Mumbai,Andheri,Plot,4,1298.0,40169.0,2024-07-21,521.39,maharera
Mumbai,Juhu,Villa,2,1194.0,22160.0,2024-12-25,264.59,maharera
Mumbai,Juhu,Villa,1,289.0,17058.0,2024-07-20,49.3,maharera
Mumbai,Worli,Apartment,1,1613.0,33046.0,2024-04-27,533.03,maharera
Mumbai,Goregaon,Apartment,4,1089.0,23461.0,2024-10-29,255.49,maharera
Mumbai,Andheri,Plot,3,767.0,32570.0,2025-02-20,249.81,maharera
Mumbai,Malad,Apartment,3,1047.0,10771.0,2024-06-09,112.77,maharera
Mumbai,Powai,Apartment,2,1053.0,41140.0,2024-07-29,433.2,maharera
Mumbai,Malad,Apartment,2,800.0,35378.0,2024-05-10,283.02,maharera
Mumbai,Bandra,Apartment,1,1059.0,17996.0,2024-10-23,190.58,maharera
Mumbai,Bandra,Apartment,5,818.0,18170.0,2024-09-25,148.63,maharera
Mumbai,Juhu,Plot,3,879.0,43378.0,2025-03-28,381.29,maharera
Mumbai,Worli,Apartment,4,794.0,24101.0,2025-01-31,191.36,maharera
Mumbai,Bandra,Apartment,2,570.0,23327.0,2024-06-28,132.96,maharera
Mumbai,Andheri,Row House,3,1044.0,11872.0,2024-10-07,123.94,maharera
Mumbai,Malad,Apartment,3,1176.0,27194.0,2024-06-28,319.8,maharera
Mumbai,Malad,Apartment,2,1154.0,28178.0,2024-07-01,325.17,maharera
Mumbai,Juhu,Apartment,4,1246.0,35724.0,2025-03-07,445.12,maharera
Mumbai,Goregaon,Villa,4,1097.0,18807.0,2024-07-14,206.31,maharera
Mumbai,Goregaon,Plot,4,840.0,17838.0,2024-05-13,149.84,maharera
Mumbai,Powai,Apartment,3,1252.0,33608.0,2024-09-01,420.77,maharera
Mumbai,Juhu,Plot,2,593.0,38054.0,2024-05-21,225.66,maharera
Mumbai,Powai,Apartment,2,730.0,17431.0,2024-12-22,127.25,maharera
Mumbai,Goregaon,Plot,5,711.0,38652.0,2024-10-04,274.82,maharera
Mumbai,Juhu,Villa,1,1324.0,30300.0,2024-05-11,401.17,maharera
Mumbai,Juhu,Villa,3,1283.0,38734.0,2024-11-09,496.96,maharera
Mumbai,Juhu,Apartment,3,1146.0,29438.0,2024-12-22,337.36,maharera
Mumbai,Goregaon,Row House,3,1322.0,9822.0,2025-02-18,129.85,maharera
Mumbai,Powai,Villa,5,736.0,28784.0,2025-01-09,211.85,maharera
Mumbai,Powai,Apartment,2,1105.0,38481.0,2024-06-01,425.22,maharera
Mumbai,Juhu,Villa,2,962.0,22850.0,2024-11-28,219.82,maharera
Mumbai,Bandra,Apartment,1,1254.0,26896.0,2024-07-22,337.28,maharera
Mumbai,Worli,Plot,3,965.0,28591.0,2024-05-27,275.9,maharera
Mumbai,Goregaon,Apartment,2,885.0,6804.0,2024-11-10,60.22,maharera
Mumbai,Worli,Villa,2,1162.0,43371.0,2025-01-24,503.97,maharera
Mumbai,Worli,Apartment,4,1263.0,22789.0,2024-11-17,287.83,maharera
Mumbai,Powai,Apartment,4,799.0,34046.0,2025-03-10,272.03,maharera
Mumbai,Powai,Apartment,2,982.0,29306.0,2025-03-08,287.78,maharera
Mumbai,Bandra,Apartment,2,682.0,40061.0,2024-07-09,273.22,maharera
Mumbai,Worli,Apartment,4,251.0,33248.0,2024-10-14,83.45,maharera
Mumbai,Worli,Apartment,1,1060.0,28121.0,2024-07-27,298.08,maharera
Mumbai,Juhu,Apartment,1,1183.0,22852.0,2025-02-05,270.34,maharera
Mumbai,Powai,Apartment,2,1079.0,36383.0,2024-12-20,392.57,maharera
Mumbai,Worli,Apartment,3,415.0,15012.0,2024-08-29,62.3,maharera
Mumbai,Malad,Villa,2,895.0,35167.0,2024-07-21,314.74,maharera
Mumbai,Bandra,Apartment,5,334.0,21208.0,2024-11-11,70.83,maharera
Mumbai,Malad,Plot,3,1411.0,40018.0,2025-02-13,564.65,maharera
Mumbai,Malad,Plot,3,674.0,31290.0,2025-02-05,210.89,maharera
Mumbai,Goregaon,Apartment,2,1377.0,35153.0,2025-03-03,484.06,maharera
Mumbai,Goregaon,Apartment,3,1284.0,30656.0,2024-12-31,393.62,maharera
Mumbai,Bandra,Plot,3,730.0,15981.0,2025-01-07,116.66,maharera
Mumbai,Malad,Apartment,3,660.0,23114.0,2024-05-25,152.55,maharera
Mumbai,Worli,Apartment,3,1105.0,35379.0,2024-08-18,390.94,maharera
Mumbai,Powai,Apartment,3,747.0,31333.0,2024-07-05,234.06,maharera
Mumbai,Bandra,Villa,4,1031.0,39448.0,2024-08-03,406.71,maharera
Mumbai,Juhu,Apartment,4,855.0,33226.0,2024-12-16,284.08,maharera
Mumbai,Malad,Apartment,3,466.0,22266.0,2024-08-15,103.76,maharera
Mumbai,Bandra,Row House,1,331.0,23631.0,2024-07-02,78.22,maharera
Mumbai,Andheri,Plot,1,1068.0,30823.0,2024-10-22,329.19,maharera
Mumbai,Andheri,Apartment,2,832.0,11488.0,2024-11-29,95.58,maharera
Mumbai,Goregaon,Apartment,3,834.0,43388.0,2024-08-12,361.86,maharera
Mumbai,Powai,Villa,3,1209.0,33534.0,2024-06-19,405.43,maharera
Mumbai,Worli,Apartment,3,1352.0,39816.0,2024-12-20,538.31,maharera
Mumbai,Powai,Apartment,4,918.0,17355.0,2024-11-29,159.32,maharera
Mumbai,Powai,Apartment,4,898.0,39957.0,2024-09-23,358.81,maharera
Mumbai,Powai,Plot,4,1150.0,47852.0,2024-05-02,550.3,maharera
Mumbai,Powai,Apartment,2,593.0,19433.0,2024-11-14,115.24,maharera
Mumbai,Juhu,Villa,3,1067.0,36171.0,2024-12-16,385.94,maharera
Mumbai,Juhu,Plot,2,1166.0,30009.0,2025-01-06,349.9,maharera
Mumbai,Goregaon,Apartment,2,1204.0,17645.0,2024-07-29,212.45,maharera
Mumbai,Bandra,Apartment,2,419.0,33943.0,2024-06-30,142.22,maharera
Mumbai,Andheri,Apartment,2,772.0,36669.0,2024-05-08,283.08,maharera
Mumbai,Powai,Apartment,3,737.0,25191.0,2024-08-25,185.66,maharera
Mumbai,Goregaon,Apartment,4,1030.0,39327.0,2024-12-26,405.07,maharera
Mumbai,Bandra,Villa,2,1144.0,16666.0,2024-11-25,190.66,maharera
Mumbai,Andheri,Apartment,3,1449.0,18042.0,2025-03-24,261.43,maharera
Mumbai,Malad,Plot,3,852.0,31093.0,2024-12-29,264.91,maharera
Mumbai,Worli,Apartment,2,851.0,30203.0,2024-12-07,257.03,maharera
Mumbai,Juhu,Apartment,3,1345.0,24267.0,2024-06-17,326.39,maharera
Mumbai,Malad,Apartment,2,1089.0,36477.0,2024-06-06,397.23,maharera
Mumbai,Andheri,Apartment,3,1380.0,34247.0,2024-09-19,472.61,maharera
Mumbai,Malad,Villa,3,1087.0,36865.0,2025-04-05,400.72,maharera
Mumbai,Worli,Apartment,2,653.0,29015.0,2025-02-05,189.47,maharera
Mumbai,Goregaon,Apartment,2,600.0,34821.0,2024-07-30,208.93,maharera
Mumbai,Andheri,Apartment,3,535.0,26435.0,2024-11-17,141.43,maharera
Mumbai,Malad,Apartment,4,1199.0,46431.0,2024-11-08,556.71,maharera
Mumbai,Juhu,Apartment,2,1357.0,23500.0,2025-02-21,318.9,maharera
Mumbai,Juhu,Apartment,3,1555.0,46842.0,2024-10-02,728.39,maharera
Mumbai,Bandra,Row House,3,1253.0,30279.0,2024-12-19,379.4,maharera
Mumbai,Malad,Apartment,4,1349.0,18996.0,2025-02-21,256.26,maharera
Mumbai,Powai,Villa,4,826.0,40945.0,2025-01-18,338.21,maharera
Mumbai,Malad,Apartment,3,653.0,31007.0,2024-08-23,202.48,maharera
Mumbai,Goregaon,Apartment,3,1255.0,36809.0,2024-10-26,461.95,maharera
Mumbai,Andheri,Apartment,4,1125.0,39791.0,2024-06-29,447.65,maharera
Mumbai,Andheri,Apartment,2,1032.0,32704.0,2024-07-27,337.51,maharera
Mumbai,Goregaon,Apartment,2,1116.0,25262.0,2024-11-25,281.92,maharera
Mumbai,Malad,Apartment,1,1097.0,37806.0,2024-11-13,414.73,maharera
Mumbai,Goregaon,Apartment,4,1385.0,30006.0,2024-07-14,415.58,maharera
Mumbai,Worli,Apartment,4,1388.0,35487.0,2024-12-18,492.56,maharera
Mumbai,Goregaon,Apartment,2,1163.0,12770.0,2024-09-24,148.52,maharera
Mumbai,Juhu,Row House,3,1254.0,33576.0,2025-03-02,421.04,maharera
Mumbai,Goregaon,Apartment,3,1154.0,24891.0,2024-07-05,287.24,maharera
Mumbai,Andheri,Apartment,2,862.0,43226.0,2024-10-01,372.61,maharera
Mumbai,Juhu,Apartment,5,1227.0,34985.0,2024-08-06,429.27,maharera
Mumbai,Andheri,Apartment,2,582.0,31919.0,2024-07-16,185.77,maharera
Mumbai,Bandra,Apartment,1,1316.0,33890.0,2025-03-27,445.99,maharera
Mumbai,Powai,Apartment,3,642.0,22012.0,2024-10-22,141.32,maharera
Mumbai,Andheri,Apartment,3,1086.0,42986.0,2025-03-08,466.83,maharera
Mumbai,Juhu,Apartment,1,746.0,45931.0,2024-07-09,342.65,maharera
Mumbai,Bandra,Apartment,3,1166.0,33143.0,2025-01-09,386.45,maharera
Mumbai,Andheri,Apartment,3,990.0,42723.0,2025-03-14,422.96,maharera
Mumbai,Worli,Apartment,2,522.0,25447.0,2024-09-08,132.83,maharera
Mumbai,Goregaon,Apartment,2,1126.0,23623.0,2025-02-19,265.99,maharera
Mumbai,Powai,Apartment,3,827.0,30327.0,2025-03-09,250.8,maharera
Mumbai,Andheri,Villa,2,1264.0,33480.0,2025-03-11,423.19,maharera
Mumbai,Bandra,Apartment,4,1000.0,26848.0,2024-07-14,268.48,maharera
Mumbai,Worli,Apartment,4,1119.0,34302.0,2024-10-13,383.84,maharera
Mumbai,Malad,Apartment,5,713.0,32451.0,2025-04-02,231.38,maharera
Mumbai,Bandra,Plot,2,823.0,22014.0,2024-05-30,181.18,maharera
Mumbai,Goregaon,Apartment,5,862.0,34150.0,2024-05-19,294.37,maharera
Mumbai,Bandra,Apartment,3,1257.0,36908.0,2025-01-29,463.93,maharera
Mumbai,Worli,Apartment,2,1503.0,31372.0,2024-11-22,471.52,maharera
Mumbai,Bandra,Apartment,1,758.0,39221.0,2025-02-10,297.3,maharera
Mumbai,Worli,Apartment,1,1323.0,20261.0,2025-03-06,268.05,maharera
Mumbai,Andheri,Apartment,3,349.0,33744.0,2025-01-22,117.77,maharera
Mumbai,Worli,Plot,3,642.0,20638.0,2025-03-18,132.5,maharera
Mumbai,Worli,Apartment,2,712.0,21087.0,2024-11-01,150.14,maharera
Mumbai,Powai,Villa,3,594.0,24953.0,2024-05-04,148.22,maharera
Mumbai,Worli,Row House,2,525.0,22464.0,2024-11-01,117.94,maharera
Mumbai,Worli,Apartment,3,1124.0,25616.0,2024-11-10,287.92,maharera
Mumbai,Malad,Apartment,2,936.0,28287.0,2025-01-09,264.77,maharera
Mumbai,Andheri,Apartment,4,1114.0,36697.0,2025-03-17,408.8,maharera
Mumbai,Goregaon,Apartment,4,1207.0,27431.0,2024-07-11,331.09,maharera
Mumbai,Powai,Apartment,3,1080.0,17315.0,2024-05-08,187.0,maharera
Mumbai,Malad,Plot,2,1197.0,39121.0,2025-02-22,468.28,maharera
Mumbai,Juhu,Villa,2,979.0,23303.0,2024-06-04,228.14,maharera
Mumbai,Andheri,Apartment,4,644.0,29530.0,2025-03-09,190.17,maharera
Mumbai,Andheri,Apartment,2,1317.0,33572.0,2024-07-20,442.14,maharera
Mumbai,Juhu,Villa,2,823.0,31597.0,2025-03-15,260.04,maharera
Mumbai,Goregaon,Row House,1,719.0,38753.0,2024-12-26,278.63,maharera
Mumbai,Worli,Villa,3,947.0,33832.0,2025-02-26,320.39,maharera
Mumbai,Malad,Apartment,3,726.0,23110.0,2024-06-20,167.78,maharera
Mumbai,Bandra,Apartment,4,875.0,47428.0,2024-04-18,415.0,maharera
Mumbai,Powai,Apartment,2,1103.0,31555.0,2024-06-10,348.05,maharera
Mumbai,Bandra,Apartment,2,1105.0,28821.0,2024-10-18,318.47,maharera
Mumbai,Juhu,Apartment,4,731.0,37711.0,2024-06-14,275.67,maharera
Mumbai,Andheri,Apartment,4,854.0,31996.0,2024-04-18,273.25,maharera
Mumbai,Goregaon,Apartment,2,1322.0,33194.0,2024-11-27,438.82,maharera
Mumbai,Andheri,Apartment,3,1149.0,49937.0,2024-11-01,573.78,maharera
Mumbai,Powai,Apartment,2,1623.0,27799.0,2025-01-22,451.18,maharera
Mumbai,Andheri,Apartment,4,1354.0,27458.0,2024-04-29,371.78,maharera
Mumbai,Andheri,Apartment,2,1343.0,30933.0,2025-01-06,415.43,maharera
Mumbai,Powai,Apartment,4,584.0,38572.0,2025-01-29,225.26,maharera
Mumbai,Malad,Apartment,3,1229.0,17948.0,2024-08-13,220.58,maharera
Mumbai,Malad,Villa,3,984.0,14276.0,2024-09-18,140.48,maharera
Mumbai,Powai,Apartment,1,835.0,25303.0,2024-05-09,211.28,maharera
Mumbai,Goregaon,Apartment,3,1050.0,16929.0,2024-08-22,177.75,maharera
Mumbai,Juhu,Apartment,3,1284.0,26601.0,2024-04-23,341.56,maharera
Mumbai,Andheri,Plot,2,1150.0,34020.0,2024-08-16,391.23,maharera
Mumbai,Goregaon,Apartment,3,736.0,22874.0,2024-07-14,168.35,maharera
Mumbai,Andheri,Apartment,5,1223.0,18585.0,2025-01-10,227.29,maharera
Mumbai,Juhu,Apartment,3,809.0,30555.0,2024-12-25,247.19,maharera
Mumbai,Malad,Apartment,3,1065.0,36900.0,2024-09-04,392.98,maharera
Mumbai,Goregaon,Apartment,1,909.0,16440.0,2024-12-19,149.44,maharera
Mumbai,Worli,Apartment,3,934.0,36562.0,2024-10-23,341.49,maharera
Mumbai,Worli,Plot,2,1230.0,36538.0,2025-01-05,449.42,maharera
Mumbai,Worli,Apartment,3,688.0,37633.0,2024-09-26,258.92,maharera
Mumbai,Malad,Plot,4,1584.0,39748.0,2024-05-06,629.61,maharera
